patient_id,name,address_street,address_city,address_state,address_zip,phone,admitted,discharged,county_id,health_info,age,race,gender
300799,"Velez, Thomas F.",Ap #805-1820 Laoreet Road,Veenendaal,NJ,55417,(248) 613-1839,2020-05-03,2020-05-24,34037,asthma,79,middle eastern,female
300798,"Logan, Castor H.",309-6516 Phasellus Av.,Ozherelye,NJ,27294,(467) 680-8971,2020-05-08,2020-05-26,34037,travel,23,hispanic/latinx,male
300797,"Carney, Mira F.","P.O. Box 126, 4997 Sagittis. Av.",Amritsar,NJ,40813,(959) 203-1296,2020-05-06,2020-05-16,34021,asthma,51,multiracial/other,female
300796,"Ward, Lamar A.",330-9317 Suspendisse Rd.,Leduc,NJ,96619,(470) 427-1972,2020-05-04,2020-05-29,34019,heart disease ,42,multiracial/other,female
300795,"Peck, Amena G.","P.O. Box 606, 6143 Ultricies Av.",Castelmezzano,NJ,44780,(163) 268-6094,2020-05-05,2020-05-27,34013,heart disease ,81,caucasian,female
300794,"Ross, Amethyst A.",Ap #212-8561 Et Rd.,Ballarat,NJ,63172,(705) 479-3695,2020-05-12,2020-05-18,34029,heart disease ,28,no answer  ,male
300793,"Russell, Serina P.","P.O. Box 275, 5511 Tristique Avenue",Invercargill,NJ,61900,(723) 181-1199,2020-05-13,2020-05-16,34037,obesity,96,multiracial/other,female
300792,"Gamble, Oliver G.",681-7547 Adipiscing Street,Hattem,NJ,68477,(651) 753-9904,2020-05-13,2020-05-28,34033,smoking,44,caucasian,female
300791,"Long, Kamal N.",5386 Vivamus Avenue,Fort Smith,NJ,51513,(563) 570-2436,2020-05-09,2020-05-29,34033,none,64,no answer  ,male
300790,"Weaver, Wanda B.","P.O. Box 501, 4001 Nunc Ave",Fontanigorda,NJ,59831,(293) 238-0872,2020-05-01,2020-05-25,34033,diabetes,74,hispanic/latinx,female
300789,"Snyder, Angelica J.",2682 Lobortis St.,Guildford,NJ,33369,(207) 749-5915,2020-05-14,2020-05-31,34023,diabetes,95,multiracial/other,male
300788,"Wells, Cherokee Z.","P.O. Box 460, 5592 Nascetur Rd.",Stalhille,NJ,93441,(586) 466-1940,2020-05-10,2020-05-28,34005,diabetes,21,middle eastern,male
300787,"Preston, Reed B.","P.O. Box 111, 6984 Aenean St.",Lairg,NJ,18035,(215) 694-5206,2020-05-13,2020-05-24,34041,heart disease ,38,african american/black,female
300786,"Booker, Fleur K.","P.O. Box 265, 9209 In Road",Rockville,NJ,29700,(668) 387-5291,2020-05-03,2020-05-30,34017,diabetes,73,middle eastern,male
300785,"Reid, Talon V.",7289 Non Ave,Peutie,NJ,36274,(459) 951-0207,2020-05-06,2020-05-17,34039,alcoholism,14,caucasian,male
300784,"Howard, Wilma J.",444-4589 Rhoncus St.,San Pablo,NJ,96348,(845) 607-8966,2020-05-06,2020-05-18,34011,obesity,82,african american/black,female
300783,"Decker, Blaze Q.","P.O. Box 396, 8565 Urna Street",Cartagena del Chairá,NJ,11852,(754) 968-8923,2020-05-14,2020-05-16,34015,alcoholism,49,caucasian,male
300782,"Cole, Pascale W.","P.O. Box 509, 1881 Nunc Street",Bannu,NJ,79657,(961) 379-5537,2020-05-07,2020-05-19,34005,asthma,23,caucasian,female
300781,"Davidson, Yuli H.",1325 Pede St.,Gembloux,NJ,22753,(363) 354-4123,2020-05-09,2020-05-25,34035,obesity,81,multiracial/other,male
300780,"Snyder, Bruce X.",976-8663 Amet Ave,Termini Imerese,NJ,88400,(559) 413-4676,2020-05-08,2020-05-17,34013,smoking,37,multiracial/other,male
300779,"Campbell, Kristen G.",282-526 Nunc Av.,Matagami,NJ,41516,(112) 464-7232,2020-05-07,2020-05-26,34017,asthma,40,caucasian,male
300778,"Hess, Kendall A.",Ap #136-7810 Tellus. Ave,Miami,NJ,90176,(920) 995-1602,2020-05-10,2020-05-24,34019,alcoholism,87,american indian/alaskan,male
300777,"Goff, Lillian R.",603-4400 Mi Rd.,East Gwillimbury,NJ,72137,(145) 773-7052,2020-05-10,2020-05-19,34021,heart disease ,20,hispanic/latinx,female
300776,"Munoz, Jesse K.",Ap #226-2591 Quisque Rd.,Neuville-en-Condroz,NJ,92039,(360) 639-4930,2020-05-07,2020-05-24,34013,diabetes,59,hispanic/latinx,male
300775,"Cunningham, Murphy S.",Ap #793-9252 Vulputate St.,Jefferson City,NJ,36680,(981) 637-1945,2020-05-10,2020-05-18,34015,alcoholism,58,caucasian,female
300774,"Castillo, MacKenzie T.",758-222 Dignissim Rd.,Toledo,NJ,34954,(753) 127-5939,2020-05-06,2020-05-25,34023,alcoholism,77,caucasian,female
300773,"Powers, Ivy K.",Ap #562-9809 A Rd.,Meux,NJ,16705,(764) 229-6547,2020-05-11,2020-05-20,34039,travel,50,american indian/alaskan,female
300772,"Fleming, Hedwig X.",Ap #959-7870 Augue. Street,Stene,NJ,37803,(756) 238-9515,2020-05-02,2020-05-29,34031,alcoholism,90,american indian/alaskan,female
300771,"Cleveland, Josiah L.","P.O. Box 410, 8741 Orci. Rd.",Rosenheim,NJ,46518,(799) 287-9133,2020-05-13,2020-05-21,34033,obesity,43,middle eastern,female
300770,"Mayer, Caldwell Q.","4667 Elit, Avenue",Friedberg,NJ,31276,(192) 994-9448,2020-05-01,2020-05-24,34001,alcoholism,61,caucasian,female
300769,"Peck, Donna I.","524-7564 Quis, Rd.",Zeveneken,NJ,83919,(441) 965-6267,2020-05-08,2020-05-18,34035,smoking,55,caucasian,male
300768,"Kent, Regina H.",501-5645 Risus. Street,Lafayette,NJ,10009,(404) 650-9790,2020-05-02,2020-05-25,34021,alcoholism,90,no answer  ,male
300767,"Barr, Benedict D.","P.O. Box 180, 1877 Sit St.",Rionero in Vulture,NJ,57063,(767) 169-7810,2020-05-08,2020-05-18,34025,smoking,39,asian/southeast asian,female
300766,"Gallagher, Shad Z.","P.O. Box 576, 3452 Phasellus Avenue",Córdoba,NJ,11670,(876) 701-7477,2020-05-13,2020-05-16,34001,alcoholism,52,middle eastern,female
300765,"Mcdaniel, Gavin R.",680-2939 Sollicitudin Ave,Serang,NJ,22297,(649) 894-8567,2020-05-07,2020-05-20,34001,none,40,hispanic/latinx,female
300764,"Lowe, Lucius L.","P.O. Box 625, 4165 Nullam St.",Bonnyrigg,NJ,37243,(773) 142-8829,2020-05-04,2020-05-26,34007,smoking,51,caucasian,male
300763,"Webster, Dennis H.",1950 Semper. Av.,Bordeaux,NJ,27789,(886) 895-6572,2020-05-01,2020-05-18,34005,travel,84,no answer  ,female
300762,"Morton, Amelia A.","Ap #915-1190 In, Rd.",Balikpapan,NJ,63292,(509) 317-0441,2020-05-06,2020-05-31,34009,smoking,31,african american/black,male
300761,"Hughes, Medge G.",482-6984 Fusce Avenue,Eschwege,NJ,79808,(783) 682-5630,2020-05-11,2020-05-20,34027,diabetes,37,caucasian,female
300760,"Vazquez, Aretha V.","222-3187 Congue, St.",Herne,NJ,21731,(778) 112-4881,2020-05-04,2020-05-17,34027,obesity,59,hispanic/latinx,female
300759,"Bush, Lynn Q.",278-1417 Mollis Street,Glendale,NJ,31141,(770) 276-3576,2020-05-09,2020-05-22,34033,travel,40,american indian/alaskan,male
300758,"Dodson, Gwendolyn S.","P.O. Box 700, 2910 Fames Rd.",Arauco,NJ,58277,(441) 520-7749,2020-05-14,2020-05-29,34015,diabetes,52,no answer  ,female
300757,"Martin, Ivana A.","P.O. Box 459, 4975 Amet Ave",Castro,NJ,54010,(597) 397-0627,2020-05-09,2020-05-26,34011,none,69,asian/southeast asian,male
300756,"Livingston, Felix V.",Ap #758-3792 Arcu. Road,Tramonti di Sopra,NJ,57920,(315) 251-2686,2020-05-06,2020-05-29,34003,none,79,caucasian,male
300755,"Hall, Zelda C.","P.O. Box 304, 2348 Nulla. Road",Brussel,NJ,33071,(304) 797-8327,2020-05-12,2020-05-29,34031,diabetes,46,middle eastern,female
300754,"Stevenson, Unity R.",933-4352 Dolor. Avenue,Isla de Pascua,NJ,59292,(482) 891-9304,2020-05-11,2020-05-16,34013,obesity,35,hispanic/latinx,female
300753,"Roy, Aidan M.",1223 Ultricies Rd.,Tarrasa,NJ,32813,(893) 933-1754,2020-05-03,2020-05-21,34033,alcoholism,99,asian/southeast asian,male
300752,"Bond, Quinn N.",127-9448 Posuere Rd.,Stevoort,NJ,49989,(695) 190-1210,2020-05-06,2020-05-28,34041,none,15,no answer  ,female
300751,"Wolf, Lenore A.",Ap #733-3976 Amet Avenue,Imst,NJ,94374,(407) 720-6043,2020-05-07,2020-05-16,34025,diabetes,35,multiracial/other,female
300750,"Joseph, Reuben T.",283-6133 Etiam Rd.,Edremit,NJ,47180,(980) 573-6979,2020-05-12,2020-05-15,34029,diabetes,77,caucasian,female
300749,"Chen, Risa W.",211-8389 Diam Av.,Pont-ˆ-Celles,NJ,37500,(587) 751-8850,2020-05-14,2020-05-21,34035,none,74,african american/black,male
300748,"Rodgers, Freya J.","P.O. Box 181, 2726 Elementum, Street",North Bay,NJ,23576,(182) 275-7237,2020-05-13,2020-05-27,34019,alcoholism,23,no answer  ,male
300747,"Stone, Diana R.","P.O. Box 471, 3599 Sem Av.",Wolfsburg,NJ,44978,(722) 181-2989,2020-05-05,2020-05-20,34007,none,17,asian/southeast asian,female
300746,"Mays, Sybil V.","P.O. Box 595, 7357 Per St.",Mogi das Cruzes,NJ,58572,(221) 501-6526,2020-05-12,2020-05-26,34033,smoking,45,caucasian,male
300745,"Carter, McKenzie A.",Ap #770-8272 Ligula Rd.,Relegem,NJ,58094,(508) 465-8786,2020-05-06,2020-05-16,34013,heart disease ,22,hispanic/latinx,male
300744,"Ramirez, Alexander S.","P.O. Box 592, 4906 Mauris Av.",Rathenow,NJ,93783,(242) 857-5345,2020-05-06,2020-05-26,34031,heart disease ,62,middle eastern,male
300743,"Skinner, Abigail K.",2700 Aliquet St.,Fumal,NJ,92757,(384) 263-4723,2020-05-05,2020-05-27,34005,smoking,43,hispanic/latinx,male
300742,"Koch, Avye O.",354-3511 Dictum Street,Springdale,NJ,99216,(633) 976-1390,2020-05-11,2020-05-26,34019,heart disease ,57,hispanic/latinx,female
300741,"Calderon, Brooke G.",Ap #403-7648 Ut Rd.,Rebecq,NJ,15044,(139) 750-1889,2020-05-03,2020-05-19,34007,heart disease ,85,middle eastern,male
300740,"Holt, Buckminster M.",9429 Penatibus Street,Pamplona,NJ,34884,(453) 236-7960,2020-05-13,2020-05-27,34009,travel,64,multiracial/other,male
300739,"Gamble, Victoria B.",Ap #373-8921 Ac Ave,Macul,NJ,13714,(687) 225-9018,2020-05-12,2020-05-22,34023,alcoholism,90,african american/black,female
300738,"Hayden, Rebekah T.",Ap #181-4915 Ipsum. Rd.,HavrŽ,NJ,58624,(977) 211-7267,2020-05-10,2020-05-27,34037,asthma,26,caucasian,female
300737,"Gutierrez, Hunter G.",Ap #767-3797 Sociis Av.,Treglio,NJ,58542,(567) 921-2699,2020-05-10,2020-05-18,34009,diabetes,33,hispanic/latinx,male
300736,"Mcintosh, Sebastian U.",Ap #530-5666 Sem St.,Buxton,NJ,85941,(368) 714-6022,2020-05-10,2020-05-24,34011,heart disease ,38,caucasian,male
300735,"Merritt, Tasha L.",8923 Tellus St.,Fernie,NJ,45962,(410) 334-0613,2020-05-02,2020-05-26,34003,heart disease ,85,hispanic/latinx,male
300734,"Joseph, Hannah W.","P.O. Box 183, 7094 Et, Street",Dhuy,NJ,68304,(378) 585-7442,2020-05-03,2020-05-25,34019,diabetes,30,no answer  ,male
300733,"Bradley, Robert E.",Ap #262-6055 Nisl Av.,Haguenau,NJ,56321,(177) 313-3177,2020-05-12,2020-05-15,34041,alcoholism,80,multiracial/other,male
300732,"Patton, Stephen I.",Ap #416-9219 Lectus Rd.,Denpasar,NJ,55326,(371) 102-4929,2020-05-10,2020-05-26,34013,obesity,79,middle eastern,male
300731,"Marsh, Tyler Y.",3284 Blandit Rd.,Airdrie,NJ,32475,(556) 960-8359,2020-05-03,2020-05-29,34029,asthma,89,middle eastern,other
300730,"Hess, Guinevere I.",Ap #200-7316 Dictum. Avenue,Quickborn,NJ,42502,(679) 722-7423,2020-05-07,2020-05-19,34003,travel,58,american indian/alaskan,female
300729,"Reilly, Dai Z.",Ap #662-1455 Natoque Rd.,San Isidro de El General,NJ,90713,(801) 988-9642,2020-05-07,2020-05-20,34025,none,84,multiracial/other,male
300728,"Nunez, Lamar B.",670-1255 Tellus Avenue,Mount Gambier,NJ,52536,(463) 947-6556,2020-05-10,2020-05-25,34015,asthma,0,caucasian,female
300727,"Shields, MacKensie L.",Ap #351-3529 Leo. Avenue,Lossiemouth,NJ,46241,(960) 895-0798,2020-05-05,2020-05-30,34021,diabetes,27,african american/black,female
300726,"Mcpherson, Macaulay V.",470-6172 Non Ave,Gaya,NJ,73567,(334) 970-3596,2020-05-14,2020-05-28,34013,travel,70,middle eastern,female
300725,"Christian, Tara U.",Ap #548-3403 Non Avenue,Dilsen-Stokkem,NJ,32107,(700) 646-4289,2020-05-09,2020-05-21,34007,obesity,19,hispanic/latinx,male
300724,"Munoz, Halee P.",1225 Ipsum. Av.,Rimbey,NJ,51526,(627) 799-2146,2020-05-02,2020-05-30,34003,alcoholism,90,no answer  ,male
300723,"Ellison, Ray H.",292-6884 Erat Av.,San Gregorio nelle Alpi,NJ,10115,(160) 267-5843,2020-05-03,2020-05-31,34011,travel,78,middle eastern,male
300722,"Acosta, Zachery I.",Ap #564-629 Torquent Street,Vizianagaram,NJ,14265,(572) 841-7246,2020-05-13,2020-05-22,34001,diabetes,13,american indian/alaskan,female
300721,"Lambert, Anne G.","5936 Amet, Street",Lüneburg,NJ,17153,(761) 546-0510,2020-05-09,2020-05-23,34037,travel,74,middle eastern,male
300720,"Hubbard, Olivia O.",275-1590 Litora Rd.,Chambord,NJ,25254,(414) 597-7436,2020-05-03,2020-05-19,34009,alcoholism,2,middle eastern,male
300719,"Larsen, Camden C.",4817 Orci. Rd.,Chippenham,NJ,30162,(231) 464-1853,2020-05-10,2020-05-22,34007,alcoholism,73,african american/black,female
300718,"Merrill, Rhona K.",7496 Sodales. Street,Calle Larga,NJ,94364,(713) 871-0055,2020-05-08,2020-05-18,34011,obesity,46,caucasian,female
300717,"Morse, Amethyst L.","285-3643 Aliquet, St.",Protvino,NJ,19925,(906) 164-1073,2020-05-06,2020-05-16,34015,obesity,16,african american/black,female
300716,"Valdez, Calista V.",Ap #732-3205 Velit Avenue,Comano,NJ,15535,(331) 605-2450,2020-05-09,2020-05-24,34017,obesity,64,middle eastern,female
300715,"Mcgowan, Robert N.","Ap #730-9731 Ut, St.",Northampton,NJ,39622,(174) 410-9772,2020-05-08,2020-05-15,34033,obesity,80,hispanic/latinx,other
300714,"Mcdonald, Lee T.",5926 Pulvinar Rd.,Waterloo,NJ,35866,(966) 182-0720,2020-05-05,2020-05-20,34007,heart disease ,33,african american/black,other
300713,"Walls, Marsden U.",4572 Cum Rd.,Fryazino,NJ,99766,(261) 931-6565,2020-05-14,2020-05-28,34037,alcoholism,81,african american/black,female
300712,"Wilkinson, Zenia R.",Ap #819-6669 Neque. Rd.,Alert Bay,NJ,89546,(993) 260-8791,2020-05-12,2020-05-27,34023,travel,69,hispanic/latinx,male
300711,"Greer, Karyn E.","P.O. Box 522, 2036 Dictum Avenue",Tay,NJ,56695,(665) 602-9294,2020-05-12,2020-05-30,34033,smoking,22,american indian/alaskan,male
300710,"Blackwell, Fiona Y.","P.O. Box 291, 3424 Dui. Av.",Moricone,NJ,27491,(511) 174-7215,2020-05-05,2020-05-23,34003,alcoholism,26,african american/black,female
300709,"Dyer, Brennan M.",820-3719 Maecenas Av.,Korbach,NJ,19655,(388) 563-5921,2020-05-08,2020-05-22,34011,heart disease ,21,no answer  ,male
300708,"Doyle, Winifred I.","P.O. Box 278, 9927 Nostra, Rd.",Argyle,NJ,81875,(247) 324-5567,2020-05-06,2020-05-16,34017,alcoholism,79,asian/southeast asian,female
300707,"Cobb, Kane J.","P.O. Box 465, 6292 Dictum Av.",Portland,NJ,16914,(775) 908-7737,2020-05-05,2020-05-27,34001,heart disease ,87,no answer  ,other
300706,"Norton, Mira W.",8923 Fames St.,Uttarpara-Kotrung,NJ,73260,(435) 892-5202,2020-05-12,2020-05-23,34011,none,74,asian/southeast asian,other
300705,"Fleming, Ivy B.",143-7578 Enim. Rd.,Gloucester,NJ,26491,(564) 178-3049,2020-05-01,2020-05-27,34037,asthma,87,caucasian,female
300704,"Velazquez, Ginger T.","P.O. Box 322, 6799 Nec, Rd.",Marchtrenk,NJ,59505,(143) 561-7485,2020-05-10,2020-05-27,34019,diabetes,13,caucasian,female
300703,"Mcneil, Melodie X.",1868 Diam. Ave,Amlwch,NJ,93427,(504) 816-2758,2020-05-09,2020-05-27,34019,heart disease ,85,no answer  ,female
300702,"Clay, Hall I.",1442 Tristique Avenue,Amritsar,NJ,96169,(280) 697-9614,2020-05-06,2020-05-27,34003,travel,6,hispanic/latinx,male
300701,"Thornton, Dustin S.","P.O. Box 641, 8170 Dui St.",Stilo,NJ,71650,(401) 256-6238,2020-05-06,2020-05-22,34019,asthma,66,caucasian,female
300700,"Blanchard, Dieter B.","P.O. Box 514, 1982 Aliquam Rd.",Tuktoyaktuk,NJ,58114,(734) 277-9397,2020-05-01,2020-05-29,34013,travel,27,hispanic/latinx,female
300599,"Ochoa, Cathleen N.","P.O. Box 582, 7278 Ut Ave",Remscheid,NY,97454,(691) 542-5453,2020-05-13,2020-05-19,36053,heart disease ,10,caucasian,female
300598,"Crawford, Eric L.",Ap #517-5068 Quisque Ave,Puri,NY,62501,(421) 765-7365,2020-05-11,2020-05-21,36049,travel,8,african american/black,male
300597,"Yates, Jaime H.","P.O. Box 968, 3392 Duis Avenue",Emblem,NY,76391,(945) 254-8576,2020-05-06,2020-05-15,36111,diabetes,26,middle eastern,female
300596,"Massey, Dalton Y.",894-3065 Magna. St.,Poucet,NY,63081,(458) 688-0745,2020-05-03,2020-05-26,36019,none,63,african american/black,female
300595,"Blackwell, Blake W.",831-5739 Vel Street,Mozhaysk,NY,59143,(720) 891-0677,2020-05-10,2020-05-19,36093,none,19,no answer  ,male
300594,"Harper, Richard A.",Ap #287-2515 Nisi Road,Armstrong,NY,19102,(838) 708-0517,2020-05-06,2020-05-27,36043,asthma,59,no answer  ,male
300593,"Cantrell, Richard F.",Ap #450-1721 Vehicula. Av.,Ketchikan,NY,71125,(800) 887-2603,2020-05-06,2020-05-26,36055,alcoholism,75,african american/black,female
300592,"Noel, Herrod H.",Ap #182-1963 Ante. Avenue,Chittoor,NY,70237,(151) 813-9252,2020-05-11,2020-05-18,36021,travel,5,caucasian,male
300591,"Gallagher, Christen P.","P.O. Box 849, 5560 Parturient St.",Erdemli,NY,49280,(682) 106-9425,2020-05-05,2020-05-28,36119,asthma,54,caucasian,female
300590,"Ingram, Orson J.",177-4685 Lacinia Av.,Prince Albert,NY,74371,(118) 758-1593,2020-05-11,2020-05-30,36011,travel,54,african american/black,female
300589,"Blanchard, Kylan T.","Ap #982-5162 Nec, Ave",Köthen,NY,25735,(812) 422-7558,2020-05-09,2020-05-25,36017,heart disease ,55,african american/black,male
300588,"Walker, Genevieve S.","P.O. Box 692, 6560 Nam Ave",Los Patios,NY,87662,(628) 321-1794,2020-05-01,2020-05-24,36097,asthma,9,caucasian,male
300587,"Fuentes, Sharon I.","231 Eu, Street",Rawalpindi,NY,61533,(311) 595-0466,2020-05-10,2020-05-19,36003,travel,16,african american/black,male
300586,"Suarez, Celeste Q.",714-2642 Adipiscing Rd.,Grantham,NY,49414,(858) 363-4247,2020-05-01,2020-05-23,36073,none,45,multiracial/other,female
300585,"Barnett, Duncan Z.","P.O. Box 837, 1872 Vulputate Av.",Capannori,NY,26332,(539) 728-9462,2020-05-11,2020-05-26,36087,smoking,67,hispanic/latinx,male
300584,"Conner, Briar D.",5009 Proin Ave,Lincoln,NY,71327,(458) 864-0432,2020-05-09,2020-05-30,36001,asthma,69,multiracial/other,female
300583,"Colon, Arden H.",895-1461 Erat. Ave,Van,NY,61701,(664) 635-2879,2020-05-01,2020-05-28,36113,smoking,55,caucasian,male
300582,"Bean, Lani A.","8838 Non, St.",Castelbaldo,NY,69668,(653) 239-1603,2020-05-01,2020-05-16,36027,heart disease ,7,american indian/alaskan,female
300581,"Beach, Sigourney P.","P.O. Box 457, 1933 Ac Ave",Santo Stefano Quisquina,NY,45210,(132) 992-5451,2020-05-07,2020-05-25,36033,alcoholism,37,african american/black,female
300580,"Delaney, Darius Q.",886-6979 Convallis St.,Tonalá,NY,63695,(917) 480-8835,2020-05-13,2020-05-30,36097,none,14,caucasian,female
300579,"Medina, Xena S.",688-531 Etiam Rd.,Biggleswade,NY,90222,(305) 380-0749,2020-05-12,2020-05-26,36105,smoking,78,hispanic/latinx,male
300578,"Newton, Phyllis J.","P.O. Box 548, 856 Interdum St.",Nasirabad,NY,77851,(910) 237-7639,2020-05-06,2020-05-26,36023,asthma,7,caucasian,male
300577,"Beasley, Eric T.",136-9538 Luctus. Avenue,Robechies,NY,33124,(298) 969-4906,2020-05-07,2020-05-26,36105,smoking,18,hispanic/latinx,female
300576,"Finley, Cyrus U.",765-3211 Faucibus Avenue,Knoxville,NY,78195,(843) 844-3417,2020-05-06,2020-05-21,36099,heart disease ,25,caucasian,female
300575,"Boyer, Yeo Y.","6910 Vitae, Rd.",Ilhéus,NY,37041,(392) 831-9316,2020-05-12,2020-05-18,36053,alcoholism,5,african american/black,male
300574,"Walsh, Nyssa B.",9508 Vivamus St.,Saint Louis,NY,60918,(374) 502-0354,2020-05-07,2020-05-29,36057,obesity,39,caucasian,female
300573,"Galloway, Anika C.",3276 Eleifend Street,Rosolini,NY,80254,(254) 674-2209,2020-05-12,2020-05-26,36029,heart disease ,65,no answer  ,male
300572,"Myers, Blaine H.",138-3384 Eu Av.,Rawalakot,NY,28392,(382) 466-2901,2020-05-05,2020-05-18,36009,heart disease ,39,middle eastern,female
300571,"Beck, Illiana D.","2874 Montes, Road",Tourinne,NY,48823,(216) 586-1986,2020-05-06,2020-05-27,36035,heart disease ,9,no answer  ,male
300570,"Manning, Gemma R.",6578 Gravida Road,Poulseur,NY,57706,(709) 499-1414,2020-05-07,2020-05-20,36055,heart disease ,86,caucasian,male
300569,"Medina, Theodore F.",9100 Fusce St.,Mobile,NY,70165,(985) 165-2038,2020-05-04,2020-05-26,36023,alcoholism,50,caucasian,female
300568,"Holland, Yetta Z.","222-7998 Sed, St.",Gisborne,NY,22520,(669) 709-0337,2020-05-13,2020-05-26,36113,travel,9,american indian/alaskan,female
300567,"Duncan, Pandora R.","P.O. Box 771, 3904 Praesent Road",Águas Lindas de Goiás,NY,29296,(555) 531-8228,2020-05-05,2020-05-27,36073,heart disease ,24,caucasian,male
300566,"Gomez, Aphrodite K.","2018 Id, Avenue",Milano,NY,48275,(802) 349-7112,2020-05-04,2020-05-22,36113,heart disease ,65,no answer  ,male
300565,"Pierce, Stella W.",249-4905 Magna Av.,Ruette,NY,23298,(189) 164-9733,2020-05-10,2020-05-27,36037,alcoholism,89,middle eastern,female
300564,"Cameron, Plato J.","680-9735 In, Rd.",Belgrave,NY,73452,(229) 374-0797,2020-05-08,2020-05-24,36019,travel,33,african american/black,male
300563,"Gentry, Jemima B.",2074 Mi Ave,Castel del Giudice,NY,71992,(397) 985-7773,2020-05-11,2020-05-22,36015,none,36,no answer  ,male
300562,"Hammond, Sylvester R.",174-5643 Lectus. Ave,Meix-le-Tige,NY,32952,(738) 953-4109,2020-05-04,2020-05-15,36033,smoking,39,hispanic/latinx,male
300561,"Ortiz, Kasimir E.",711-6400 Penatibus Avenue,Höchst,NY,44814,(908) 163-9783,2020-05-13,2020-05-19,36017,none,21,american indian/alaskan,other
300560,"Gentry, Althea S.",Ap #551-8206 Gravida Ave,Andacollo,NY,57506,(264) 820-9017,2020-05-06,2020-05-27,36061,none,36,hispanic/latinx,female
300559,"Kent, Glenna Y.","P.O. Box 571, 6038 Eu Rd.",Pozzuolo del Friuli,NY,86454,(223) 788-0298,2020-05-01,2020-05-26,36023,travel,68,multiracial/other,female
300558,"Best, Coby U.",Ap #405-6469 Ipsum St.,Lahore,NY,65212,(433) 534-5244,2020-05-10,2020-05-18,36089,alcoholism,69,middle eastern,male
300557,"Cherry, Blaze U.",Ap #864-8937 Senectus Street,Torgiano,NY,43925,(766) 987-8642,2020-05-13,2020-05-25,36027,smoking,89,african american/black,male
300556,"Lynn, Thaddeus G.",Ap #967-5540 Elit Road,Tournefeuille,NY,27887,(239) 935-6699,2020-05-07,2020-05-19,36083,travel,61,middle eastern,female
300555,"Lambert, Cecilia W.",471-7092 Eu Road,Plainevaux,NY,72679,(690) 824-3621,2020-05-13,2020-05-27,36049,smoking,18,asian/southeast asian,male
300554,"Kaufman, Dane D.",1853 Et Ave,Ravenstein,NY,88696,(208) 601-5467,2020-05-14,2020-05-20,36109,travel,38,hispanic/latinx,male
300553,"Pacheco, Jade L.","Ap #697-3472 Enim, Avenue",Anthisnes,NY,33203,(703) 175-2598,2020-05-05,2020-05-20,36081,asthma,16,caucasian,male
300552,"Whitney, Ava G.",Ap #222-2917 Mattis. Av.,Lauterach,NY,85159,(569) 741-0415,2020-05-14,2020-05-21,36105,none,27,multiracial/other,female
300551,"Kim, Gwendolyn D.",737-5763 Magna Street,Enkhuizen,NY,94154,(320) 828-2166,2020-05-03,2020-05-31,36007,heart disease ,50,multiracial/other,male
300550,"House, Cairo P.",9473 Morbi Road,Ruisbroek,NY,32632,(988) 656-2011,2020-05-06,2020-05-18,36009,none,87,asian/southeast asian,male
300549,"Langley, Nina P.",6694 Suspendisse Avenue,Leicester,NY,61299,(981) 927-4334,2020-05-02,2020-05-22,36041,travel,57,american indian/alaskan,male
300548,"Rollins, Jade H.",617-6300 Quis St.,Bridgwater,NY,34269,(775) 415-0093,2020-05-13,2020-05-28,36025,none,37,hispanic/latinx,female
300547,"Kinney, Hadassah X.",Ap #872-273 Cursus. St.,Sherborne,NY,25604,(532) 760-2265,2020-05-13,2020-05-30,36093,obesity,53,middle eastern,female
300546,"Stark, Aileen V.",Ap #164-1115 Curabitur Avenue,San Gregorio,NY,17900,(988) 721-1056,2020-05-13,2020-05-31,36051,asthma,68,middle eastern,female
300545,"Stephens, Althea H.",Ap #825-5085 Urna Avenue,Crowsnest Pass,NY,21936,(865) 324-1588,2020-05-08,2020-05-31,36021,none,31,hispanic/latinx,female
300544,"Hardin, Acton Y.",9900 Nunc Road,San José de Maipo,NY,15852,(975) 874-3149,2020-05-11,2020-05-25,36021,travel,73,middle eastern,female
300543,"Daniels, Hyacinth C.","Ap #398-9401 Ornare, Ave",Stuttgart,NY,13985,(966) 335-0532,2020-05-09,2020-05-26,36079,obesity,7,middle eastern,female
300542,"Curtis, Nina M.","P.O. Box 587, 9801 Nullam St.",Diyarbakır,NY,67068,(814) 354-6950,2020-05-01,2020-05-19,36039,asthma,72,caucasian,male
300541,"Humphrey, Bryar H.",564-2850 Volutpat. St.,Eigenbrakel,NY,14949,(654) 727-6450,2020-05-10,2020-05-21,36089,heart disease ,1,hispanic/latinx,male
300540,"Lara, Aspen T.",685-890 Purus Ave,Amberloup,NY,72907,(326) 767-9360,2020-05-05,2020-05-17,36095,none,51,multiracial/other,female
300539,"Alvarez, Cathleen U.",2599 Ridiculus Ave,Fossato di Vico,NY,23820,(532) 807-6159,2020-05-07,2020-05-25,36023,none,27,multiracial/other,male
300538,"Higgins, Dennis K.",1410 Sed Avenue,San Piero a Sieve,NY,12730,(152) 144-7178,2020-05-01,2020-05-24,36003,none,63,american indian/alaskan,male
300537,"Sawyer, Sylvester F.","P.O. Box 493, 8089 Iaculis, Avenue",Pak Pattan,NY,30227,(663) 225-1546,2020-05-13,2020-05-25,36099,none,60,multiracial/other,male
300536,"Harrington, Lisandra Q.",147-3269 Egestas Av.,Berbroek,NY,93974,(741) 191-4718,2020-05-06,2020-05-30,36103,asthma,41,african american/black,male
300535,"Delaney, Howard X.","Ap #471-6446 Id, Rd.",Montes Claros,NY,31752,(195) 713-6411,2020-05-05,2020-05-28,36115,none,15,american indian/alaskan,female
300534,"Serrano, Desiree S.","P.O. Box 746, 484 Non Ave",Angers,NY,15145,(477) 926-5844,2020-05-02,2020-05-19,36105,none,39,caucasian,male
300533,"Stark, Davis H.","P.O. Box 145, 9119 Lacus. Avenue",Kurgan,NY,65472,(829) 935-6628,2020-05-10,2020-05-18,36015,none,25,multiracial/other,female
300532,"Davis, Harper G.",Ap #722-4639 Fames Avenue,Qualicum Beach,NY,89772,(760) 702-0291,2020-05-03,2020-05-30,36023,smoking,17,african american/black,female
300531,"Mcmillan, Knox Y.",Ap #986-7338 Tellus Street,Machelen,NY,10027,(329) 461-8866,2020-05-08,2020-05-18,36005,asthma,44,multiracial/other,female
300530,"Pitts, Zelenia E.","P.O. Box 787, 5243 Sociis St.",Lakeshore,NY,85886,(201) 307-7049,2020-05-01,2020-05-22,36111,none,90,american indian/alaskan,male
300529,"Odonnell, Martha W.",164-3483 Venenatis Rd.,Castor,NY,40347,(999) 157-6213,2020-05-09,2020-05-18,36087,none,29,african american/black,male
300528,"Nolan, Steel Q.",3809 Aliquet Rd.,Körfez,NY,11459,(871) 511-2068,2020-05-02,2020-05-20,36085,none,53,asian/southeast asian,male
300527,"Monroe, Dahlia O.","P.O. Box 819, 5493 Et, Road",Veracruz,NY,17313,(223) 804-3345,2020-05-02,2020-05-19,36005,none,85,hispanic/latinx,male
300526,"Miller, Blake B.",866-3735 Magna Rd.,Rockville,NY,40280,(365) 547-5151,2020-05-11,2020-05-24,36065,asthma,63,african american/black,male
300525,"Owen, Neville K.",339-437 Erat Avenue,Besançon,NY,14554,(806) 928-0861,2020-05-06,2020-05-22,36109,travel,55,no answer  ,male
300524,"Carrillo, Beatrice W.","P.O. Box 125, 2316 Magna. St.",Berg,NY,89139,(724) 123-7699,2020-05-14,2020-05-27,36059,none,67,multiracial/other,male
300523,"Cohen, Christian F.",279-3167 Natoque St.,Caprino Bergamasco,NY,74392,(377) 649-1288,2020-05-08,2020-05-22,36055,none,82,no answer  ,female
300522,"Mullins, Maggy M.",4437 Enim. Street,OugrŽe,NY,50627,(106) 421-5809,2020-05-09,2020-05-18,36033,heart disease ,59,caucasian,male
300521,"Levy, Wayne F.",Ap #104-3561 Molestie St.,Peñaflor,NY,79111,(828) 910-7250,2020-05-13,2020-05-31,36057,asthma,20,no answer  ,female
300520,"Wade, Zahir C.","P.O. Box 801, 1828 Sem Street",Fort Simpson,NY,20564,(385) 740-0718,2020-05-03,2020-05-30,36055,smoking,15,hispanic/latinx,female
300519,"Hill, Pearl E.",778-8954 Scelerisque Rd.,Carnoustie,NY,51219,(637) 296-2230,2020-05-14,2020-05-18,36029,heart disease ,34,caucasian,female
300518,"Flowers, Drake A.",Ap #314-877 Amet Road,Naninne,NY,57174,(737) 652-3349,2020-05-11,2020-05-26,36035,none,15,caucasian,female
300517,"Sweet, Joy C.",646-8866 Sollicitudin Avenue,Craco,NY,96033,(105) 452-3729,2020-05-03,2020-05-24,36121,heart disease ,23,caucasian,male
300516,"Hess, Ivan H.",491-7044 Pede. St.,Kungälv,NY,22762,(736) 685-9959,2020-05-07,2020-05-24,36001,heart disease ,76,hispanic/latinx,male
300515,"Bolton, Bruce X.",266-4499 Odio Av.,Ödemiş,NY,23957,(643) 546-0446,2020-05-14,2020-05-29,36065,none,86,middle eastern,male
300514,"Guerrero, Demetria Q.",737-9983 Libero. Street,Coutisse,NY,90117,(931) 354-9747,2020-05-09,2020-05-25,36011,asthma,14,caucasian,female
300513,"Wyatt, Mark O.","P.O. Box 226, 7719 Congue, Rd.",Ansan,NY,69777,(220) 677-3350,2020-05-07,2020-05-20,36077,none,11,caucasian,male
300512,"Mcintosh, Gloria Z.",Ap #787-3198 Euismod Ave,Rae Lakes,NY,78052,(857) 338-4962,2020-05-01,2020-05-21,36035,none,25,caucasian,female
300511,"Rutledge, Leigh Y.","P.O. Box 854, 5617 Phasellus Road",Tay,NY,78629,(776) 852-5337,2020-05-01,2020-05-21,36027,heart disease ,79,caucasian,female
300510,"Elliott, Sacha P.",Ap #426-4250 Sit Ave,Stokrooie,NY,65653,(841) 777-9356,2020-05-12,2020-05-15,36007,none,20,hispanic/latinx,male
300509,"Oneil, Mohammad M.",2453 Senectus Rd.,Caruaru,NY,72762,(578) 323-9061,2020-05-12,2020-05-18,36039,none,20,multiracial/other,female
300508,"Maldonado, Kathleen X.",2175 Non Rd.,Isnes,NY,85895,(786) 674-3705,2020-05-02,2020-05-25,36009,asthma,47,multiracial/other,male
300507,"Dickson, Roth R.",Ap #443-6673 Tempus Street,Tintigny,NY,58371,(936) 799-2083,2020-05-10,2020-05-15,36003,diabetes,56,multiracial/other,male
300506,"Fitzpatrick, Mason F.",162-7297 Etiam Rd.,Nieuwmunster,NY,45984,(630) 916-3654,2020-05-07,2020-05-22,36017,asthma,67,hispanic/latinx,other
300505,"Hebert, Lois A.","459-8749 Eu, Rd.",Vernon,NY,64919,(797) 816-5756,2020-05-11,2020-05-27,36083,heart disease ,7,caucasian,other
300504,"Frederick, Nomlanga W.",456-3110 Id St.,Devizes,NY,37413,(470) 121-2587,2020-05-05,2020-05-16,36107,none,18,american indian/alaskan,other
300503,"Cantu, Hall P.","P.O. Box 297, 1767 Et Rd.",Long Eaton,NY,86158,(150) 351-7367,2020-05-03,2020-05-23,36027,smoking,22,no answer  ,male
300502,"Eaton, Kendall E.",7391 Nam Avenue,Montebello,NY,50149,(887) 655-5056,2020-05-10,2020-05-16,36063,smoking,29,caucasian,female
300501,"Nelson, Jelani G.",Ap #611-1678 Velit. St.,Akola,NY,47341,(297) 347-2063,2020-05-11,2020-05-23,36087,smoking,80,caucasian,male
300500,"Chaney, Urielle G.",8510 Bibendum. Rd.,Mont-Saint-AndrŽ,NY,19136,(801) 770-3870,2020-05-06,2020-05-30,36023,asthma,61,multiracial/other,female
300099,"Hull, Callie T.","P.O. Box 527, 649 Nunc St.",Mandasor,CT,57750,(716) 679-9074,2020-05-09,2020-05-27,9007,diabetes,9,no answer  ,female
300098,"Carroll, Quamar I.",300-1534 Sagittis St.,Yakhroma,CT,11611,(598) 695-0308,2020-05-10,2020-05-27,9013,none,54,american indian/alaskan,male
300097,"Russo, Grant H.",2804 In Rd.,Eindhoven,CT,70066,(176) 140-0680,2020-05-09,2020-05-27,9003,none,63,hispanic/latinx,male
300096,"Martin, Julie G.",413-1067 Eros Rd.,Swabi,CT,35501,(682) 355-7243,2020-05-05,2020-05-24,9009,none,75,no answer  ,male
300095,"Harrison, Patience O.",9876 Dictum St.,Lloydminster,CT,38555,(663) 847-9012,2020-05-03,2020-05-26,9001,none,1,no answer  ,male
300094,"Rojas, Xenos A.",653 Metus. Street,Thiaumont,CT,17580,(566) 813-4261,2020-05-07,2020-05-27,9007,smoking,50,no answer  ,male
300093,"Figueroa, David M.",955-8254 Sodales Ave,Zevekote,CT,21552,(959) 699-6472,2020-05-09,2020-05-29,9015,none,14,caucasian,male
300092,"Jefferson, Leslie I.",949-5382 Odio Rd.,Villa Santo Stefano,CT,47371,(468) 516-0339,2020-05-03,2020-05-17,9011,obesity,79,middle eastern,female
300091,"Sweeney, Vance K.",851 Nibh Ave,Marbais,CT,14152,(453) 931-4755,2020-05-14,2020-05-17,9005,smoking,52,hispanic/latinx,other
300090,"Gregory, Jelani N.","Ap #739-6957 In, Ave",Lisieux,CT,59428,(700) 235-7234,2020-05-13,2020-05-16,9003,none,32,hispanic/latinx,other
300089,"Owen, Dennis R.",Ap #767-4577 Cras St.,C�te-Saint-Luc,CT,16516,(520) 674-9586,2020-05-03,2020-05-27,9007,none,11,no answer  ,female
300088,"Wilkerson, Christopher W.",363-2635 Libero Ave,Brusson,CT,69423,(140) 751-5316,2020-05-08,2020-05-21,9005,diabetes,49,multiracial/other,female
300087,"Lloyd, Bianca J.","P.O. Box 235, 9161 Nullam Street",Glovertown,CT,67021,(106) 125-4999,2020-05-10,2020-05-18,9011,none,77,middle eastern,female
300086,"Key, Stone S.",365-2814 Sed Ave,Brora,CT,99843,(494) 582-7675,2020-05-04,2020-05-15,9003,none,8,caucasian,female
300085,"Flores, Giacomo H.",Ap #483-2261 Nulla Road,Cabano,CT,38420,(633) 691-5049,2020-05-02,2020-05-30,9013,none,11,multiracial/other,male
300084,"Kirk, Ava F.",486-9286 Erat Av.,Nives,CT,52628,(946) 801-1137,2020-05-09,2020-05-25,9001,none,38,no answer  ,female
300083,"Alvarez, Buffy T.","P.O. Box 203, 9945 Quisque Road",Boca del Río,CT,21754,(204) 298-3934,2020-05-02,2020-05-24,9001,heart disease ,44,no answer  ,male
300082,"Medina, Malik F.",Ap #984-8438 Tincidunt St.,Reutov,CT,82152,(544) 981-7354,2020-05-01,2020-05-29,9011,diabetes,38,hispanic/latinx,female
300081,"Shaffer, Emerald U.",691-4591 Morbi Street,Asse,CT,25344,(509) 811-8456,2020-05-01,2020-05-29,9003,none,54,multiracial/other,other
300080,"Humphrey, Jared L.","P.O. Box 288, 6990 Sed Avenue",Uiwang,CT,60016,(643) 161-5008,2020-05-11,2020-05-31,9007,alcoholism,16,caucasian,female
300079,"Sanford, Melinda E.",530-8164 Mauris Rd.,Stockerau,CT,24048,(556) 883-9623,2020-05-11,2020-05-27,9005,heart disease ,67,caucasian,male
300078,"Salazar, Knox B.","P.O. Box 776, 6480 Mauris St.",Hugli-Chinsurah,CT,47148,(931) 291-8371,2020-05-07,2020-05-30,9011,alcoholism,11,hispanic/latinx,male
300077,"Hopkins, Mariko I.","P.O. Box 426, 1101 Ullamcorper. Rd.",Dedovsk,CT,84567,(742) 876-8376,2020-05-04,2020-05-15,9011,none,76,multiracial/other,female
300076,"Ramsey, Oleg V.",Ap #134-171 Risus. St.,Macquenoise,CT,34412,(538) 879-2611,2020-05-03,2020-05-18,9005,heart disease ,16,african american/black,male
300075,"Ferrell, Jenna M.",Ap #716-2700 Donec Road,Newark,CT,19476,(254) 547-1923,2020-05-11,2020-05-23,9009,alcoholism,58,caucasian,female
300074,"Mcdaniel, Pascale B.","P.O. Box 749, 3961 Lacinia Rd.",Clarksville,CT,49119,(629) 220-0788,2020-05-02,2020-05-25,9009,heart disease ,4,asian/southeast asian,male
300073,"Goodman, Calvin W.","P.O. Box 964, 4933 Pellentesque St.",Salem,CT,56518,(161) 794-8348,2020-05-01,2020-05-21,9011,none,52,hispanic/latinx,female
300072,"Case, Paloma J.",953-7309 Erat Avenue,Bissegem,CT,68916,(392) 919-4373,2020-05-14,2020-05-22,9007,smoking,19,hispanic/latinx,male
300071,"Benjamin, Taylor N.","Ap #440-6684 Vitae, Road",Tanjungbalai,CT,36454,(102) 158-6383,2020-05-06,2020-05-21,9003,none,70,hispanic/latinx,male
300070,"Koch, Jarrod E.",394-7314 Tempus Rd.,Catanzaro,CT,91800,(523) 557-7879,2020-05-14,2020-05-27,9015,none,13,multiracial/other,male
300069,"Schwartz, Ila R.","P.O. Box 706, 130 Dictum Avenue",Chakwal,CT,20850,(312) 668-2218,2020-05-13,2020-05-23,9009,smoking,51,caucasian,female
300068,"Floyd, Arthur Y.","P.O. Box 163, 2069 Morbi Ave",Atlanta,CT,38813,(165) 973-6396,2020-05-10,2020-05-17,9013,alcoholism,3,no answer  ,male
300067,"Watkins, Ivana Y.",Ap #136-104 Arcu Rd.,Santa Vittoria in Matenano,CT,87229,(541) 402-8125,2020-05-14,2020-05-27,9005,obesity,52,no answer  ,female
300066,"Larson, Simone S.","P.O. Box 419, 6186 Magnis Av.",Olympia,CT,25664,(751) 115-7455,2020-05-10,2020-05-30,9001,obesity,35,caucasian,other
300065,"Zimmerman, Macaulay X.",865 Nulla Rd.,Bhir,CT,79043,(888) 101-6202,2020-05-01,2020-05-31,9011,none,87,hispanic/latinx,male
300064,"Hart, Carson S.",Ap #962-1528 Curabitur St.,San Jose,CT,71579,(906) 209-0807,2020-05-10,2020-05-17,9001,none,73,american indian/alaskan,male
300063,"Tanner, Hiroko W.",914-7055 Tellus St.,Chiusanico,CT,60493,(870) 674-6674,2020-05-04,2020-05-29,9009,obesity,84,caucasian,male
300062,"Harris, Petra C.",1571 Velit Rd.,Agra,CT,64583,(799) 275-7746,2020-05-02,2020-05-20,9005,none,36,hispanic/latinx,female
300061,"Newman, Cailin X.",Ap #880-4826 Commodo Rd.,Blackwood,CT,91179,(165) 621-4908,2020-05-05,2020-05-31,9013,travel,48,no answer  ,female
300060,"Mclaughlin, Rajah P.","P.O. Box 477, 6561 Praesent St.",Rankweil,CT,35964,(534) 583-7275,2020-05-08,2020-05-21,9011,heart disease ,45,no answer  ,male
300059,"Mason, Nayda G.",Ap #844-7643 Quam St.,Viggianello,CT,70828,(647) 721-7622,2020-05-05,2020-05-29,9015,alcoholism,70,african american/black,female
300058,"Hopkins, Cody S.",4741 Tempor Road,Juneau,CT,27942,(614) 290-2394,2020-05-13,2020-05-29,9009,alcoholism,29,american indian/alaskan,female
300057,"Maddox, Hamish B.","P.O. Box 350, 7522 Vestibulum Rd.",La Dorada,CT,47994,(352) 369-5524,2020-05-14,2020-05-19,9003,heart disease ,71,african american/black,female
300056,"Baker, Meghan P.",Ap #208-1616 Tempor St.,Meeswijk,CT,17707,(136) 927-5618,2020-05-13,2020-05-17,9009,none,84,african american/black,female
300055,"Shields, Desiree W.",Ap #995-8049 Mauris Rd.,Vanderhoof,CT,52202,(239) 177-3621,2020-05-06,2020-05-22,9001,none,1,american indian/alaskan,female
300054,"Erickson, Paul W.",6940 Tincidunt Street,Longano,CT,96786,(177) 766-9639,2020-05-10,2020-05-19,9009,none,45,hispanic/latinx,female
300053,"Mathis, Quamar Q.",5891 Sagittis Rd.,Sannazzaro de' Burgondi,CT,40596,(129) 648-5094,2020-05-05,2020-05-19,9003,none,73,no answer  ,male
300052,"Conway, Candace G.",293-7430 Sed Av.,Caprino Bergamasco,CT,25023,(696) 960-0048,2020-05-08,2020-05-16,9003,none,101,no answer  ,male
300051,"Clark, Ursa C.","P.O. Box 117, 7013 Nullam Rd.",Falkensee,CT,77273,(566) 781-7969,2020-05-09,2020-05-17,9005,none,100,no answer  ,other
300050,"Oneil, Todd W.",482-9146 Auctor Rd.,Athus,CT,28347,(362) 262-8277,2020-05-03,2020-05-18,9015,smoking,66,american indian/alaskan,male
300049,"Soto, Brent K.","P.O. Box 877, 1067 Donec Rd.",San Clemente,CT,96937,(415) 893-0037,2020-05-14,2020-05-24,9007,travel,99,asian/southeast asian,female
300048,"Ford, Dolan D.",6867 Sagittis St.,Anchorage,CT,84086,(261) 845-6040,2020-05-07,2020-05-31,9011,none,70,middle eastern,male
300047,"Rasmussen, Jarrod T.",4811 Erat Street,Castor,CT,82865,(235) 661-6123,2020-05-11,2020-05-30,9005,alcoholism,85,asian/southeast asian,female
300046,"Jimenez, Farrah B.",Ap #348-5718 Tristique Av.,Dzerzhinsky,CT,96450,(386) 727-2526,2020-05-01,2020-05-17,9015,none,98,asian/southeast asian,male
300045,"Sampson, Curran K.","P.O. Box 817, 6312 Sed Road",Poucet,CT,60933,(457) 714-3303,2020-05-05,2020-05-22,9009,obesity,63,african american/black,other
300044,"Gonzales, Maile N.","P.O. Box 171, 9541 Maecenas St.",Wellingborough,CT,27624,(869) 201-0907,2020-05-14,2020-05-21,9011,obesity,34,african american/black,female
300043,"Duran, Audra G.",178-4256 Pellentesque Road,Capannori,CT,25551,(118) 852-8034,2020-05-11,2020-05-30,9001,diabetes,55,caucasian,female
300042,"Rocha, Branden U.",Ap #349-9204 Nunc St.,Portland,CT,74066,(437) 242-3258,2020-05-03,2020-05-28,9009,obesity,38,hispanic/latinx,male
300041,"Chambers, Brynn O.","P.O. Box 912, 6925 Ipsum St.",Ostrowiec Świętokrzyski,CT,30406,(554) 929-5662,2020-05-04,2020-05-22,9011,alcoholism,89,african american/black,female
300040,"Donovan, Leandra D.","Ap #633-2298 Non, Rd.",Cornwall,CT,91641,(353) 216-5779,2020-05-14,2020-05-27,9007,diabetes,58,caucasian,female
300039,"Sosa, Rhiannon P.",Ap #607-7140 Ante St.,Beaufays,CT,32972,(182) 793-4156,2020-05-10,2020-05-28,9009,none,59,african american/black,male
300038,"Simon, Adria A.","P.O. Box 292, 1887 Aenean Street",Bandung,CT,21703,(186) 558-0332,2020-05-01,2020-05-23,9013,diabetes,52,no answer  ,female
300037,"Franco, Elliott A.","P.O. Box 979, 7239 Parturient Ave",Wijshagen,CT,10249,(117) 334-7698,2020-05-06,2020-05-24,9001,obesity,57,african american/black,female
300036,"Justice, Vanna O.","Ap #674-5123 Ornare, Rd.",Latour,CT,11450,(198) 422-0077,2020-05-12,2020-05-19,9007,travel,59,caucasian,female
300035,"Cash, Edward A.",832-6492 Urna. Rd.,Souvret,CT,52759,(748) 303-9534,2020-05-01,2020-05-19,9007,none,57,no answer  ,male
300034,"Clemons, Breanna I.",315-4836 Id Street,Konin,CT,39971,(731) 917-3708,2020-05-10,2020-05-16,9007,diabetes,76,american indian/alaskan,male
300033,"Armstrong, Theodore S.","Ap #125-4756 Pellentesque, St.",Salice Salentino,CT,88336,(504) 403-2701,2020-05-10,2020-05-15,9015,asthma,9,multiracial/other,male
300032,"Flores, Vanna H.",4396 Nulla. Street,Segni,CT,59815,(964) 425-2595,2020-05-06,2020-05-28,9011,smoking,84,hispanic/latinx,female
300031,"Riddle, Kyla V.",600-5854 Integer Av.,Manfredonia,CT,86708,(477) 869-0177,2020-05-02,2020-05-25,9001,travel,74,american indian/alaskan,male
300030,"Noel, Melyssa T.",Ap #755-301 Eu St.,Harrogate,CT,19040,(682) 208-9965,2020-05-13,2020-05-19,9007,asthma,30,hispanic/latinx,male
300029,"Chen, Daniel S.","990-9842 Non, Rd.",Puerto Octay,CT,74968,(753) 595-4899,2020-05-05,2020-05-25,9003,obesity,44,middle eastern,male
300028,"Chen, Clarke V.",7740 Proin St.,Alajuelita,CT,32244,(790) 223-9353,2020-05-13,2020-05-29,9001,none,75,american indian/alaskan,female
300027,"Clay, Christine B.","P.O. Box 729, 3104 Magna. Street",Sanzeno,CT,15526,(734) 746-5879,2020-05-13,2020-05-28,9003,obesity,52,caucasian,male
300026,"Baldwin, Blair Y.","P.O. Box 495, 6890 Pellentesque Rd.",Malbaie,CT,80702,(645) 169-7659,2020-05-06,2020-05-15,9009,travel,5,african american/black,male
300025,"Weaver, Branden B.",Ap #185-4302 Pede. Ave,Sromness,CT,91914,(703) 673-8032,2020-05-10,2020-05-16,9015,travel,44,caucasian,male
300024,"Williams, Richard F.",120-4598 Vehicula Ave,Veraval,CT,30366,(625) 473-1505,2020-05-05,2020-05-25,9005,alcoholism,35,african american/black,female
300023,"Myers, Barrett J.","792-8768 Pharetra, Rd.",Llangefni,CT,96081,(833) 990-0512,2020-05-03,2020-05-18,9015,asthma,54,african american/black,male
300022,"Benjamin, Olympia X.","P.O. Box 247, 6505 Aliquet Street",Cerami,CT,64097,(648) 195-2498,2020-05-06,2020-05-18,9009,none,21,american indian/alaskan,female
300021,"Reeves, Althea G.",Ap #104-839 Nunc Street,Copertino,CT,48741,(610) 916-9561,2020-05-01,2020-05-27,9013,asthma,12,middle eastern,male
300020,"Stokes, Kasper V.",Ap #799-7493 Erat Avenue,Hatfield,CT,88301,(551) 963-7833,2020-05-10,2020-05-16,9015,obesity,86,middle eastern,female
300019,"Finley, Shellie H.","P.O. Box 321, 3925 Natoque Road",Bandar Lampung,CT,72354,(957) 210-6097,2020-05-05,2020-05-16,9007,alcoholism,75,hispanic/latinx,male
300018,"Hahn, Renee G.","P.O. Box 559, 741 Proin Rd.",Casina,CT,34619,(524) 284-2155,2020-05-09,2020-05-27,9001,none,68,caucasian,female
300017,"Holden, Clark R.",Ap #567-2888 Laoreet Ave,Mespelare,CT,50093,(839) 844-7082,2020-05-09,2020-05-21,9015,none,15,american indian/alaskan,male
300016,"Rowe, Mari K.",1690 Diam Rd.,Viggiano,CT,32341,(528) 246-5881,2020-05-03,2020-05-21,9001,asthma,17,caucasian,male
300015,"Wooten, Jael J.",186-4422 Aenean St.,Mornimont,CT,60554,(294) 409-5027,2020-05-09,2020-05-31,9011,asthma,9,middle eastern,male
300014,"Kidd, Kalia T.","P.O. Box 934, 9510 Amet, St.",Aguazul,CT,99202,(650) 341-7487,2020-05-04,2020-05-21,9003,none,97,asian/southeast asian,female
300013,"Ray, Troy E.","P.O. Box 812, 8039 Purus St.",Birmingham,CT,13319,(354) 431-0427,2020-05-14,2020-05-25,9005,travel,64,african american/black,male
300012,"Mayo, Lucius G.","9467 Eleifend, Rd.",Slijpe,CT,55716,(941) 296-6085,2020-05-04,2020-05-27,9001,heart disease ,6,asian/southeast asian,male
300011,"Morales, Haviva O.",464-6500 Malesuada Road,Ch‰telet,CT,92447,(186) 516-8008,2020-05-13,2020-05-20,9003,smoking,80,hispanic/latinx,male
300010,"Roy, Rebecca D.",588-6870 Dolor Avenue,Guápiles,CT,38779,(755) 747-7597,2020-05-09,2020-05-28,9005,asthma,84,multiracial/other,female
300009,"Gentry, Michael V.","Ap #679-3837 Eu, Av.",Aurangabad,CT,48738,(766) 517-9792,2020-05-09,2020-05-21,9005,diabetes,55,african american/black,male
300008,"Holloway, Nelle X.",475-4281 Metus. Avenue,Ancona,CT,55615,(306) 374-2849,2020-05-11,2020-05-24,9003,alcoholism,95,hispanic/latinx,male
300007,"Pitts, Aspen S.",416-8671 Eleifend Street,Pointe-Claire,CT,47631,(944) 106-7679,2020-05-08,2020-05-30,9001,none,51,caucasian,male
300006,"Padilla, Martha U.","786-709 Ultrices, Ave",Worcester,CT,81625,(290) 807-2819,2020-05-07,2020-05-21,9013,travel,33,multiracial/other,female
300005,"Orr, Fallon S.",Ap #457-4713 Elementum Avenue,Catacaos,CT,70098,(417) 601-1421,2020-05-14,2020-05-28,9009,travel,86,no answer  ,male
300004,"Moody, Quinlan V.",3983 Tincidunt Ave,Tulsa,CT,93893,(252) 101-3412,2020-05-05,2020-05-15,9007,heart disease ,89,multiracial/other,male
300003,"Barnes, Keith A.",710-9011 Suspendisse Road,Maranello,CT,65589,(156) 107-0853,2020-05-03,2020-05-28,9011,heart disease ,21,caucasian,female
300002,"Townsend, Nathan D.",922-6457 Urna. Av.,New Haven,CT,57421,(524) 723-1312,2020-05-11,2020-05-29,9009,asthma,26,no answer  ,male
300001,"Stewart, Xanthus L.",Ap #646-7915 Lorem St.,Curacaví,CT,79867,(964) 669-5000,2020-05-06,2020-05-18,9015,alcoholism,3,african american/black,female
300000,"Rutledge, Curran Z.",6882 Velit Avenue,Santa Cruz,CT,36946,(148) 148-6185,2020-05-12,2020-05-26,9003,heart disease ,22,hispanic/latinx,male