patient_id,name,address_street,address_city,address_state,address_zip,phone,admitted,discharged,county_id,health_info,age,race,gender
400799,"Hahn, Veronica T.",5446 Volutpat Rd.,Coquitlam,NJ,46043,(110) 325-7981,2020-06-05,2020-06-18,34031,travel,35,no answer,female
400798,"White, Mufutau R.","P.O. Box 740, 7880 Auctor Av.",Navidad,NJ,89018,(651) 637-0018,2020-06-05,2020-06-27,34033,smoking,27,middle eastern,other
400797,"Guerra, Ashton F.","P.O. Box 430, 9077 Orci. Rd.",Lebu,NJ,57504,(408) 917-2269,2020-06-06,2020-06-17,34003,NULL,20,caucasian,other
400796,"Barker, Caryn F.","5627 Et, St.",Ely,NJ,76684,(470) 658-3464,2020-06-08,2020-06-19,34009,smoking,71,middle eastern,male
400795,"Bowen, Hector C.","277-8552 Et, Road",Yogyakarta,NJ,83888,(508) 395-7202,2020-06-14,2020-06-26,34011,diabetes,23,caucasian,female
400794,"Reed, Florence E.",Ap #374-5831 Enim. Street,Sluizen,NJ,70999,(411) 604-2294,2020-06-06,2020-06-21,34033,alcoholism,61,hispanic/latinx,female
400793,"Cantrell, Rosalyn D.",774-9870 Feugiat St.,Brusson,NJ,65027,(507) 577-8197,2020-06-10,2020-06-27,34041,diabetes,48,middle eastern,male
400792,"Carr, Alyssa D.",3935 Purus Rd.,Santa Luzia,NJ,79327,(570) 746-9209,2020-06-01,2020-06-30,34013,NULL,82,asian/southeast asian,other
400791,"Murray, Maris N.","P.O. Box 622, 2406 Dictum Road",Milazzo,NJ,45848,(684) 202-8805,2020-06-09,2020-06-24,34023,smoking,89,multiracial/other,other
400790,"Casey, Paloma H.","P.O. Box 329, 2159 Habitant Road",Oderzo,NJ,38749,(330) 608-9495,2020-06-10,2020-06-21,34013,NULL,100,asian/southeast asian,female
400789,"Colon, Dara O.",2597 Lectus. St.,Dro,NJ,77997,(451) 505-0631,2020-06-12,2020-06-16,34037,travel,86,american indian/alaskan,female
400788,"Delacruz, Kennedy M.",691 Phasellus Avenue,Hollogne-sur-Geer,NJ,25215,(872) 590-1702,2020-06-02,2020-06-17,34035,travel,48,caucasian,female
400787,"Schmidt, Nevada K.",650-9601 Sed Rd.,Gols,NJ,59400,(913) 749-5183,2020-06-02,2020-06-21,34001,NULL,99,caucasian,female
400786,"Owens, Anthony O.",8489 Fames Av.,Kashmore,NJ,34245,(960) 822-6903,2020-06-08,2020-06-16,34015,obesity,68,caucasian,male
400785,"George, David N.",Ap #592-5050 In St.,Canino,NJ,76259,(972) 974-0850,2020-06-12,2020-06-30,34027,NULL,84,caucasian,male
400784,"Gregory, Ayanna K.",435-9687 Malesuada. Street,Cercepiccola,NJ,36907,(265) 590-3371,2020-06-02,2020-06-15,34039,asthma,9,hispanic/latinx,female
400783,"Duke, Camilla Y.","P.O. Box 288, 6744 Mauris Rd.",Dover,NJ,60265,(210) 706-0895,2020-06-04,2020-06-19,34017,travel,12,african american/black,female
400782,"Nicholson, Cassandra K.","P.O. Box 304, 1009 Phasellus St.",Bajaur Agency,NJ,78235,(914) 702-4163,2020-06-03,2020-06-28,34029,diabetes,64,middle eastern,male
400781,"Rodgers, Maile S.",992 At Ave,Cuglieri,NJ,17980,(506) 969-9379,2020-06-09,2020-06-19,34033,alcoholism,57,african american/black,female
400780,"Chapman, Hedda A.",Ap #864-5638 Arcu. Rd.,Tuktoyaktuk,NJ,64867,(142) 421-8413,2020-06-11,2020-06-20,34027,NULL,7,hispanic/latinx,male
400779,"Castaneda, Joelle A.",1267 Suspendisse Avenue,Castel Ritaldi,NJ,72492,(864) 135-6167,2020-06-07,2020-06-18,34001,asthma,23,caucasian,female
400778,"Mccarty, Brianna P.",306-2889 Magna Rd.,Bergerac,NJ,37343,(294) 428-7984,2020-06-04,2020-06-30,34009,alcoholism,49,hispanic/latinx,female
400777,"Michael, Maya H.","2252 Nostra, Rd.",ZŽtrud-Lumay,NJ,87399,(791) 267-8831,2020-06-12,2020-06-20,34015,asthma,15,hispanic/latinx,female
400776,"Berger, Fredericka T.",Ap #862-3823 Curabitur Road,Carluke,NJ,15060,(388) 272-6139,2020-06-13,2020-06-16,34001,travel,62,multiracial/other,female
400775,"Hopper, Byron L.",Ap #722-8321 At Rd.,Schwedt,NJ,93736,(374) 951-5218,2020-06-11,2020-06-22,34015,NULL,27,african american/black,male
400774,"Oliver, Armando Z.",8783 Facilisis St.,Cañas,NJ,67633,(309) 239-3304,2020-06-07,2020-06-27,34015,NULL,5,hispanic/latinx,male
400773,"Dunn, Quynn T.",6646 Risus. St.,El Quisco,NJ,94336,(278) 281-5273,2020-06-11,2020-06-17,34039,travel,65,caucasian,male
400772,"Sweet, Summer I.",Ap #202-5558 Convallis Rd.,Gressan,NJ,24873,(518) 122-5445,2020-06-10,2020-06-30,34037,NULL,80,hispanic/latinx,male
400771,"Durham, Amy S.",678 Dolor. Ave,Panguipulli,NJ,92439,(944) 498-6508,2020-06-01,2020-06-27,34009,asthma,59,hispanic/latinx,female
400770,"Boone, Whitney F.","P.O. Box 640, 4025 Iaculis Avenue",Elmshorn,NJ,22935,(582) 179-8658,2020-06-12,2020-06-16,34027,smoking,73,caucasian,male
400769,"Ingram, Amery J.","P.O. Box 146, 6407 Sociis Rd.",Fort St. John,NJ,99651,(182) 378-0015,2020-06-01,2020-06-18,34011,NULL,67,multiracial/other,female
400768,"Boyle, Buffy O.",225-2397 Quisque Rd.,Bremen,NJ,71447,(249) 289-7764,2020-06-12,2020-06-18,34003,diabetes,77,hispanic/latinx,male
400767,"Solis, Denton K.","6346 Convallis, Avenue",Sainte-Ode,NJ,55798,(175) 190-8512,2020-06-11,2020-06-16,34011,travel,102,african american/black,female
400766,"King, Ivan V.","P.O. Box 549, 2048 Mus. St.",Budaun,NJ,29487,(202) 828-6276,2020-06-02,2020-06-16,34017,smoking,63,hispanic/latinx,female
400765,"Talley, Clio C.","P.O. Box 258, 7110 Sed Av.",Gooik,NJ,99476,(673) 606-5198,2020-06-09,2020-06-19,34005,heart disease,44,hispanic/latinx,female
400764,"Crawford, Mikayla G.",506-6259 Sit Rd.,Itterbeek,NJ,93581,(158) 126-3108,2020-06-14,2020-06-20,34011,diabetes,88,no answer,female
400763,"Sharp, Clarke S.","P.O. Box 662, 2622 Ac St.",Jammu,NJ,67961,(786) 297-5612,2020-06-12,2020-06-16,34021,obesity,81,multiracial/other,other
400762,"Gonzalez, Ferris U.","Ap #133-6933 Elit, Road",Ofena,NJ,68357,(334) 173-9127,2020-06-10,2020-06-17,34035,alcoholism,73,hispanic/latinx,female
400761,"Gray, Marah T.","P.O. Box 262, 2889 Id Road",Caccamo,NJ,54933,(534) 696-5823,2020-06-08,2020-06-28,34037,heart disease,31,african american/black,female
400760,"Robertson, Nissim I.",Ap #693-1980 Lorem St.,Torrevieja,NJ,12771,(157) 853-5061,2020-06-02,2020-06-29,34023,smoking,61,caucasian,male
400759,"Stevens, Jesse Q.",458-6377 Lorem Avenue,Otranto,NJ,65400,(509) 855-6725,2020-06-10,2020-06-24,34025,obesity,43,caucasian,male
400758,"Potts, Rhea G.",833-5126 Proin Ave,Montefiore dell'Aso,NJ,51539,(752) 195-6294,2020-06-09,2020-06-17,34041,diabetes,80,asian/southeast asian,male
400757,"Meadows, Halee E.","P.O. Box 541, 382 Eleifend, Av.",Chihuahua,NJ,95126,(464) 870-3844,2020-06-08,2020-06-20,34023,NULL,25,asian/southeast asian,female
400756,"Young, Prescott I.",403-321 Eleifend. Av.,La Serena,NJ,30221,(915) 650-1333,2020-06-07,2020-06-29,34029,travel,20,african american/black,male
400755,"Ruiz, Kiona N.",840-8655 Arcu Road,Bosa,NJ,88378,(545) 822-9321,2020-06-11,2020-06-21,34005,smoking,86,multiracial/other,female
400754,"Lott, Todd M.",287-7209 Cras Rd.,Perugia,NJ,80013,(526) 279-9185,2020-06-05,2020-06-21,34005,travel,73,no answer,male
400753,"Morrow, Gannon G.","P.O. Box 724, 8992 Ultrices Road",Saint-Georges,NJ,70323,(162) 682-8013,2020-06-06,2020-06-26,34003,asthma,64,asian/southeast asian,female
400752,"Price, Cecilia L.",Ap #213-6830 Metus Rd.,Ganshoren,NJ,38456,(297) 550-9289,2020-06-11,2020-06-24,34033,diabetes,70,caucasian,female
400751,"Brooks, Cheryl S.",Ap #387-8990 Mi. Road,Soacha,NJ,97967,(533) 707-3154,2020-06-07,2020-06-23,34015,diabetes,16,hispanic/latinx,male
400750,"Love, Zane O.","P.O. Box 823, 6340 Libero St.",Barnstaple,NJ,74961,(106) 574-1028,2020-06-08,2020-06-16,34013,NULL,69,american indian/alaskan,female
400749,"Vazquez, Cara F.",461-1242 Arcu Street,Pemuco,NJ,22472,(623) 727-1499,2020-06-04,2020-06-22,34033,smoking,63,hispanic/latinx,female
400748,"Valdez, Thomas A.",Ap #467-6594 Fermentum Street,Salvador,NJ,47190,(334) 616-0967,2020-06-06,2020-06-19,34007,asthma,18,no answer,female
400747,"Reese, Hedley B.","P.O. Box 613, 6744 Aliquet Rd.",Ellikom,NJ,71112,(384) 111-5495,2020-06-04,2020-06-30,34021,alcoholism,35,caucasian,male
400746,"Vega, Sandra T.","P.O. Box 166, 942 Ullamcorper, Av.",Aserrí,NJ,86255,(301) 228-3349,2020-06-04,2020-06-24,34003,asthma,43,hispanic/latinx,female
400745,"Arnold, Charlotte W.","538-2308 Quam, Rd.",Viersel,NJ,19028,(111) 654-1282,2020-06-08,2020-06-28,34015,heart disease,58,hispanic/latinx,male
400744,"Cruz, Honorato D.","269-3906 Montes, Ave",Ruisbroek,NJ,42063,(147) 399-5978,2020-06-03,2020-06-16,34009,travel,11,multiracial/other,male
400743,"Carver, John L.","P.O. Box 193, 2610 Fermentum Rd.",Middlesbrough,NJ,14224,(445) 576-0362,2020-06-03,2020-06-24,34009,alcoholism,34,caucasian,male
400742,"Lott, Wayne I.",869-4219 Amet Rd.,Cholchol,NJ,27690,(388) 469-4863,2020-06-13,2020-06-24,34003,NULL,95,caucasian,female
400741,"Delgado, Carly O.",991-7093 Vehicula Street,Town of Yarmouth,NJ,67024,(481) 545-7711,2020-06-04,2020-06-28,34005,NULL,52,african american/black,male
400740,"Maddox, McKenzie R.","P.O. Box 529, 459 Lorem Street",Episcopia,NJ,14593,(288) 677-0907,2020-06-02,2020-06-20,34015,asthma,13,caucasian,female
400739,"Welch, Gary D.","Ap #706-6107 Non, St.",Treguaco,NJ,23911,(100) 538-8801,2020-06-10,2020-06-23,34039,NULL,35,caucasian,female
400738,"Castro, Vielka G.",Ap #212-8019 A Road,Adoni,NJ,41126,(960) 719-8509,2020-06-03,2020-06-25,34023,alcoholism,19,caucasian,male
400737,"Dean, Claire M.",2862 Ante. Rd.,Diets-Heur,NJ,52435,(928) 365-9542,2020-06-11,2020-06-27,34033,heart disease,13,caucasian,female
400736,"Carrillo, Kaden J.","475-7962 Cursus, Ave",Prince George,NJ,21204,(108) 401-5984,2020-06-08,2020-06-28,34009,asthma,44,no answer,male
400735,"Emerson, Doris U.",331-3093 Morbi Avenue,Kurovskoye,NJ,87427,(397) 324-8598,2020-06-09,2020-06-16,34003,NULL,19,caucasian,female
400734,"Parrish, Venus E.",1465 Luctus Street,Driffield,NJ,69532,(106) 949-6101,2020-06-10,2020-06-20,34041,heart disease,59,hispanic/latinx,male
400733,"Herman, Audra K.","P.O. Box 325, 5128 Ac Ave",Canning,NJ,85490,(588) 997-1551,2020-06-01,2020-06-21,34027,NULL,21,multiracial/other,male
400732,"Keller, Thomas V.",Ap #592-2075 Lectus Street,Uijeongbu,NJ,23510,(513) 416-7958,2020-06-08,2020-06-20,34035,alcoholism,17,american indian/alaskan,male
400731,"Montgomery, Alma R.",Ap #353-9440 Et St.,San Chirico Nuovo,NJ,37375,(297) 339-7504,2020-06-06,2020-06-26,34037,heart disease,99,african american/black,male
400730,"Weaver, Emmanuel H.",Ap #144-4648 Litora St.,Legnica,NJ,95087,(164) 564-7732,2020-06-11,2020-06-25,34003,diabetes,33,multiracial/other,male
400729,"Ware, Mira Z.",Ap #335-9178 Hendrerit St.,Ahmedabad,NJ,58344,(854) 257-4775,2020-06-01,2020-06-21,34003,obesity,73,hispanic/latinx,female
400728,"Wyatt, Craig V.",161 Urna Ave,Colli a Volturno,NJ,69427,(987) 124-9645,2020-06-12,2020-06-23,34007,asthma,84,hispanic/latinx,male
400727,"Joseph, Uma M.",481-1471 Erat Road,Bossut-Gottechain,NJ,46166,(182) 655-1784,2020-06-04,2020-06-22,34013,NULL,12,african american/black,male
400726,"Ross, Lacota Z.",Ap #750-674 Turpis Road,Samaniego,NJ,71128,(939) 381-2284,2020-06-08,2020-06-21,34015,smoking,80,hispanic/latinx,female
400725,"Perry, Myles M.","Ap #581-8691 Ut, Rd.",Vaux-sous-ChŽvremont,NJ,66011,(416) 446-2801,2020-06-14,2020-06-20,34011,obesity,31,caucasian,female
400724,"Alston, Veronica R.","153-3244 Et, Ave",Fürstenwalde,NJ,65555,(751) 870-2050,2020-06-04,2020-06-23,34011,heart disease,70,middle eastern,male
400723,"Payne, Veronica E.",435-151 Sed St.,El Tambo,NJ,71369,(533) 939-7386,2020-06-14,2020-06-18,34013,obesity,8,caucasian,male
400722,"Dyer, Keegan E.",Ap #141-9543 Sem St.,Bad Dürkheim,NJ,37506,(133) 733-2120,2020-06-11,2020-06-15,34005,heart disease,58,hispanic/latinx,male
400721,"Reeves, Lester Q.",699-9720 Sed St.,Massimino,NJ,16213,(457) 201-6406,2020-06-01,2020-06-22,34003,diabetes,48,caucasian,male
400720,"Langley, Lewis M.",5435 Et St.,Kolkata,NJ,63519,(255) 477-0034,2020-06-02,2020-06-23,34007,NULL,11,multiracial/other,female
400719,"Knowles, Chastity A.","P.O. Box 848, 8947 Est. St.",Ostellato,NJ,26233,(301) 982-1160,2020-06-04,2020-06-29,34003,asthma,52,african american/black,male
400718,"Lowe, Kay O.",2013 Mauris. Av.,Villarrica,NJ,13831,(285) 840-7658,2020-06-12,2020-06-23,34041,NULL,88,hispanic/latinx,female
400717,"Burton, Plato B.",8907 Est Rd.,Bharuch,NJ,19523,(978) 478-6471,2020-06-08,2020-06-22,34013,diabetes,69,asian/southeast asian,male
400716,"Maddox, Anika W.","P.O. Box 947, 5198 Adipiscing Rd.",Roshal,NJ,14180,(658) 396-3097,2020-06-02,2020-06-30,34015,obesity,90,african american/black,female
400715,"Buchanan, Quintessa N.",669-5238 Nec Street,Blagoveshchensk,NJ,26908,(616) 755-4790,2020-06-06,2020-06-27,34001,obesity,87,american indian/alaskan,male
400714,"Reynolds, Reese J.",1450 Nascetur Rd.,Cuddapah,NJ,76180,(393) 451-9735,2020-06-13,2020-06-23,34007,obesity,20,hispanic/latinx,female
400713,"Blackburn, Cynthia T.",Ap #604-6487 Accumsan Rd.,Elektrogorsk,NJ,20745,(970) 695-9975,2020-06-04,2020-06-23,34005,alcoholism,85,multiracial/other,female
400712,"Mosley, Porter S.","P.O. Box 723, 9039 Lorem, Avenue",Malartic,NJ,59908,(112) 472-7879,2020-06-01,2020-06-24,34007,diabetes,82,hispanic/latinx,female
400711,"Caldwell, Sarah M.","1131 Vestibulum, Street",Carbonear,NJ,23517,(337) 825-7559,2020-06-01,2020-06-15,34023,travel,45,middle eastern,male
400710,"Kelly, Alden Z.","P.O. Box 195, 669 Donec Rd.",Columbia,NJ,44219,(138) 952-3151,2020-06-10,2020-06-30,34019,alcoholism,19,multiracial/other,female
400709,"Stanton, Teegan O.",Ap #781-6921 Sollicitudin Road,San Juan de la Costa,NJ,51486,(523) 944-1655,2020-06-01,2020-06-15,34027,asthma,71,no answer,female
400708,"Howe, Duncan C.",Ap #573-6545 Eros St.,Changwon,NJ,88609,(278) 500-3307,2020-06-08,2020-06-28,34041,diabetes,48,asian/southeast asian,male
400707,"Stark, William A.","652-6295 Enim, Rd.",Timaukel,NJ,45343,(915) 837-7644,2020-06-07,2020-06-21,34017,alcoholism,88,no answer,female
400706,"Campbell, Libby C.",8728 Pede. Avenue,Jackson,NJ,67051,(801) 771-2827,2020-06-01,2020-06-24,34019,smoking,37,hispanic/latinx,female
400705,"Guy, Gregory C.",Ap #334-7052 Vel Avenue,Liévin,NJ,74376,(819) 397-1596,2020-06-07,2020-06-23,34011,travel,89,no answer,male
400704,"Camacho, Shay K.",921-7098 Porttitor St.,Manchester,NJ,52991,(913) 319-3541,2020-06-06,2020-06-19,34009,travel,40,hispanic/latinx,female
400703,"Oliver, Felix W.",662-6073 Porttitor Av.,Biarritz,NJ,91229,(542) 109-8822,2020-06-12,2020-06-17,34017,obesity,61,hispanic/latinx,female
400702,"Wolf, Colorado W.",9352 Dui St.,Cap-Saint-Ignace,NJ,61896,(365) 216-3788,2020-06-11,2020-06-18,34003,smoking,67,caucasian,female
400701,"Perez, Benjamin J.",549-161 Neque St.,Ilhéus,NJ,77380,(239) 455-1440,2020-06-08,2020-06-19,34025,NULL,67,caucasian,male
400700,"Bauer, Orson C.","P.O. Box 468, 2252 Enim Ave",Nivelles,NJ,40419,(959) 625-5646,2020-06-14,2020-06-27,34015,obesity,74,caucasian,male
400599,"Rowe, Mariam R.",Ap #389-610 Vehicula St.,Profondeville,NY,94074,(934) 821-0693,2020-06-04,2020-06-29,36067,travel,64,no answer,female
400598,"Hall, Palmer K.",396-5724 At Road,Kapuskasing,NY,81984,(758) 841-4405,2020-06-13,2020-06-15,36041,smoking,62,hispanic/latinx,male
400597,"Day, Yuli M.",550-4556 Semper Rd.,Kotelniki,NY,96649,(272) 800-1548,2020-06-14,2020-06-23,36103,asthma,42,african american/black,male
400596,"Gonzales, Whilemina X.","P.O. Box 313, 8057 Ullamcorper. Rd.",Longchamps,NY,38390,(603) 939-7543,2020-06-03,2020-06-18,36067,obesity,3,asian/southeast asian,male
400595,"Gray, Alexandra M.",840-4415 Nunc. St.,Hazaribag,NY,10437,(390) 937-4091,2020-06-03,2020-06-23,36099,NULL,37,middle eastern,male
400594,"Fitzpatrick, Simon D.",Ap #326-533 Sed Rd.,Gary,NY,64651,(999) 354-5257,2020-06-05,2020-06-21,36061,diabetes,63,caucasian,male
400593,"Howell, Amaya C.","P.O. Box 625, 6716 Diam. Road",Sulzano,NY,19322,(203) 138-4372,2020-06-05,2020-06-16,36085,smoking,75,caucasian,male
400592,"Munoz, Daphne V.","P.O. Box 864, 4333 Etiam Rd.",Mapiripana,NY,30765,(809) 339-0792,2020-06-12,2020-06-25,36101,alcoholism,35,hispanic/latinx,female
400591,"Boone, Joelle U.","727-1996 Dui, Avenue",Chesapeake,NY,46442,(900) 797-7109,2020-06-12,2020-06-20,36097,heart disease,48,hispanic/latinx,female
400590,"Richmond, Aidan I.","P.O. Box 510, 1650 Gravida Ave",Hofheim am Taunus,NY,33978,(999) 791-8652,2020-06-08,2020-06-26,36017,heart disease,78,caucasian,male
400589,"Merritt, August M.",Ap #826-9237 Vehicula St.,Warburg,NY,59768,(418) 509-4793,2020-06-11,2020-06-25,36049,heart disease,43,no answer,female
400588,"Roach, Eugenia O.",895-2117 Libero. Ave,Girardot,NY,70036,(486) 155-1501,2020-06-06,2020-06-18,36065,heart disease,33,african american/black,female
400587,"Levy, Deirdre S.","P.O. Box 473, 4828 Nulla. Road",Cádiz,NY,34257,(500) 688-0138,2020-06-07,2020-06-19,36071,obesity,44,no answer,female
400586,"Coffey, Sydney O.",Ap #159-6642 Tincidunt Rd.,Soacha,NY,77772,(873) 345-0538,2020-06-12,2020-06-24,36041,heart disease,78,caucasian,male
400585,"Yang, Ulla I.","Ap #812-2021 Suscipit, St.",Tiegem,NY,33963,(850) 445-7244,2020-06-05,2020-06-25,36021,obesity,13,hispanic/latinx,male
400584,"Price, Callum Y.",708-3560 Dapibus Rd.,Sint-Genesius-Rode,NY,42904,(142) 330-9839,2020-06-03,2020-06-30,36073,heart disease,36,hispanic/latinx,female
400583,"Velasquez, Destiny P.",972-6230 Arcu. Rd.,Stirling,NY,40542,(259) 121-1846,2020-06-07,2020-06-21,36049,travel,16,caucasian,female
400582,"Douglas, Fitzgerald L.",1866 Tellus. Av.,Westport,NY,40674,(791) 920-5546,2020-06-03,2020-06-27,36019,heart disease,76,hispanic/latinx,female
400581,"Gallegos, Melyssa D.",371-6470 Lorem Road,Emmen,NY,66662,(933) 374-8841,2020-06-04,2020-06-17,36111,alcoholism,49,asian/southeast asian,female
400580,"Mcfarland, Hadley H.",Ap #482-6605 Ipsum Street,Scena/Schenna,NY,57412,(292) 238-8504,2020-06-11,2020-06-28,36057,NULL,79,no answer,female
400579,"Salazar, Hadassah P.","P.O. Box 421, 2394 Sapien. Ave",Wachtebeke,NY,69698,(726) 471-3798,2020-06-03,2020-06-23,36029,heart disease,82,hispanic/latinx,female
400578,"Morris, Jesse U.","P.O. Box 917, 7964 Id Ave",São João de Meriti,NY,28250,(800) 292-4668,2020-06-05,2020-06-28,36001,smoking,72,no answer,male
400577,"Santos, Emily K.","238 Eget, Rd.",Dorchester,NY,46654,(800) 198-7190,2020-06-01,2020-06-16,36065,obesity,17,multiracial/other,male
400576,"Holland, Rhea A.",694-4754 Velit Rd.,Haverhill,NY,96806,(924) 948-5436,2020-06-01,2020-06-16,36073,diabetes,57,caucasian,female
400575,"Reeves, Alfreda R.",3508 Pellentesque St.,Sousa,NY,92885,(196) 800-0129,2020-06-10,2020-06-16,36069,heart disease,0,caucasian,female
400574,"Estes, Imelda X.","770-6098 Nec, Ave",Belém,NY,61728,(571) 138-3227,2020-06-13,2020-06-26,36047,NULL,1,hispanic/latinx,male
400573,"Hendricks, Yolanda L.",329-2557 Eget St.,Cumaribo,NY,24304,(534) 190-8867,2020-06-07,2020-06-25,36081,heart disease,60,caucasian,male
400572,"Ramirez, Emerson V.",819 Ut Rd.,Taber,NY,46196,(960) 462-1377,2020-06-09,2020-06-27,36075,obesity,50,african american/black,male
400571,"Tyler, Mia S.",693-1259 Vitae Street,Rosoux-Crenwick,NY,66238,(859) 596-4540,2020-06-09,2020-06-26,36025,obesity,26,no answer,male
400570,"Atkinson, Ruth M.","P.O. Box 574, 3890 Eget, St.",Worcester,NY,21463,(818) 408-9419,2020-06-11,2020-06-17,36081,smoking,17,caucasian,male
400569,"Mcintosh, Iola O.",3437 Nullam Rd.,Chelmsford,NY,32084,(167) 400-4794,2020-06-06,2020-06-29,36123,NULL,59,caucasian,female
400568,"Tillman, Emily Y.","4814 A, St.",Nizamabad,NY,10307,(987) 177-9826,2020-06-03,2020-06-29,36015,diabetes,83,caucasian,male
400567,"Crosby, Hector F.",Ap #396-7585 Et Rd.,Carmen de Bolivar,NY,24078,(410) 122-6383,2020-06-08,2020-06-20,36023,asthma,85,asian/southeast asian,male
400566,"Petersen, Summer A.",815-7813 Arcu. St.,Nizamabad,NY,31649,(969) 435-6626,2020-06-07,2020-06-29,36065,NULL,86,multiracial/other,female
400565,"Hobbs, Kenneth H.",8739 Placerat Street,San Lazzaro di Savena,NY,17596,(921) 793-3882,2020-06-12,2020-06-20,36007,NULL,48,middle eastern,male
400564,"Duffy, Yen A.",4684 Litora Av.,Weesp,NY,21610,(939) 217-4517,2020-06-10,2020-06-20,36097,NULL,42,no answer,female
400563,"Camacho, Whoopi U.","P.O. Box 169, 8992 Ut, Rd.",Notre-Dame-de-la-Salette,NY,89211,(170) 418-5983,2020-06-10,2020-06-27,36113,travel,12,asian/southeast asian,female
400562,"Solis, Blossom S.","P.O. Box 162, 1961 Nec Avenue",Compiègne,NY,49275,(440) 819-6334,2020-06-09,2020-06-16,36057,diabetes,32,asian/southeast asian,female
400561,"Pitts, Taylor E.",643-6922 Ligula Av.,Drancy,NY,79977,(858) 940-2496,2020-06-02,2020-06-18,36063,NULL,6,african american/black,male
400560,"Kirby, Chadwick I.",9130 Ut St.,Saint-Prime,NY,37427,(860) 823-0066,2020-06-12,2020-06-15,36037,heart disease,71,caucasian,female
400559,"Holcomb, Ulric M.","8093 Non, Rd.",San Carlos,NY,63834,(975) 609-4234,2020-06-11,2020-06-21,36041,NULL,40,american indian/alaskan,other
400558,"Brennan, Tanya H.","P.O. Box 812, 6868 Libero. Street",Erdemli,NY,61046,(435) 666-0684,2020-06-06,2020-06-19,36013,alcoholism,23,caucasian,other
400557,"Jacobson, Louis A.",2160 Aliquet Street,Litueche,NY,64903,(462) 896-8183,2020-06-12,2020-06-16,36123,obesity,45,african american/black,male
400556,"Drake, Rama R.",508-2696 Mus. Av.,La Tebaida,NY,13314,(547) 635-5078,2020-06-05,2020-06-26,36007,travel,73,caucasian,female
400555,"Rice, TaShya V.","Ap #319-306 Et, Rd.",Giarratana,NY,81410,(522) 973-6011,2020-06-07,2020-06-24,36017,NULL,0,no answer,male
400554,"Barton, Gregory N.",Ap #720-406 A Street,Surat,NY,71168,(477) 508-5533,2020-06-10,2020-06-20,36081,obesity,38,asian/southeast asian,female
400553,"Chaney, Colton P.","P.O. Box 975, 5958 Quisque Street",Opoeteren,NY,88409,(376) 938-7816,2020-06-14,2020-06-19,36043,diabetes,77,caucasian,female
400552,"Davenport, Mannix R.",595-2696 Orci Rd.,Montgomery,NY,33539,(715) 895-2493,2020-06-02,2020-06-28,36121,obesity,43,hispanic/latinx,male
400551,"Kim, Montana Q.",Ap #835-4020 Nulla St.,OugrŽe,NY,96305,(756) 661-6075,2020-06-06,2020-06-28,36029,alcoholism,45,hispanic/latinx,male
400550,"Mcfarland, Hector Y.","276-6145 Eget, St.",Hulshout,NY,11872,(121) 124-5885,2020-06-11,2020-06-16,36025,travel,37,caucasian,male
400549,"Wilder, Alvin Z.",341-8851 Nec Avenue,Saint-Prime,NY,71470,(911) 866-0117,2020-06-07,2020-06-15,36101,smoking,67,caucasian,male
400548,"Wilkerson, Perry M.","P.O. Box 817, 873 Cras Ave",Florencia,NY,67906,(922) 793-4842,2020-06-07,2020-06-28,36057,NULL,42,caucasian,male
400547,"Patterson, Armand C.","3568 Convallis, Rd.",Leicester,NY,16985,(510) 528-0840,2020-06-02,2020-06-21,36077,smoking,62,african american/black,female
400546,"Pope, Camden B.",163-2307 Vestibulum St.,Bottidda,NY,31419,(821) 568-3947,2020-06-14,2020-06-16,36105,obesity,32,no answer,male
400545,"Barr, Erin G.",Ap #510-7501 Sem St.,Sterling Heights,NY,35449,(230) 195-8586,2020-06-12,2020-06-25,36075,alcoholism,35,african american/black,female
400544,"Hayes, Galena F.",Ap #978-3806 Morbi Rd.,Centa San Nicolò,NY,25504,(257) 872-6836,2020-06-14,2020-06-30,36015,obesity,40,caucasian,female
400543,"Kirk, Freya D.",9555 Suspendisse St.,Baasrode,NY,12975,(731) 369-1300,2020-06-10,2020-06-29,36035,travel,76,no answer,female
400542,"Jacobs, Mohammad Z.",Ap #585-1295 Aliquam Av.,Bogaarden,NY,50446,(593) 907-5612,2020-06-04,2020-06-26,36067,NULL,68,hispanic/latinx,female
400541,"Franks, Yoshio P.",116-6615 Enim Road,Nizamabad,NY,74623,(262) 379-8917,2020-06-14,2020-06-22,36117,NULL,20,caucasian,female
400540,"Dorsey, Bree G.","7304 Vitae, Ave",Bridgend,NY,46029,(504) 664-1407,2020-06-03,2020-06-19,36123,NULL,13,asian/southeast asian,female
400539,"Velez, Quinn M.","P.O. Box 866, 311 Egestas Road",Voskresensk,NY,71882,(440) 814-1659,2020-06-05,2020-06-23,36069,alcoholism,50,asian/southeast asian,male
400538,"Booth, Cullen C.",834-5513 Magnis Rd.,Casper,NY,36964,(715) 643-7725,2020-06-02,2020-06-20,36061,obesity,61,no answer,male
400537,"Hoover, Shafira R.",9474 Rutrum. Street,Tame,NY,14319,(878) 636-8428,2020-06-01,2020-06-24,36045,heart disease,52,middle eastern,female
400536,"Mullins, Jacob R.",978-3631 In Road,Welland,NY,20271,(842) 835-0561,2020-06-09,2020-06-16,36095,diabetes,51,asian/southeast asian,male
400535,"Moss, Whilemina H.",149-4122 Ridiculus Avenue,Den Helder,NY,10328,(655) 757-0787,2020-06-13,2020-06-27,36097,obesity,29,hispanic/latinx,male
400534,"Gross, Wesley E.",3840 Eros. Rd.,Manavgat,NY,65590,(661) 275-0577,2020-06-06,2020-06-19,36033,diabetes,75,african american/black,male
400533,"Maynard, Laith S.",178-8869 A Ave,Beauvechain,NY,99151,(769) 279-2309,2020-06-04,2020-06-26,36057,travel,45,american indian/alaskan,female
400532,"Pollard, Wade S.","P.O. Box 318, 6425 Dolor, Road",Hay River,NY,75672,(597) 837-8008,2020-06-10,2020-06-18,36083,obesity,6,middle eastern,female
400531,"Mills, Zia H.","P.O. Box 108, 3027 In Avenue",San Francisco,NY,91464,(100) 509-3941,2020-06-13,2020-06-16,36019,heart disease,49,african american/black,female
400530,"Hernandez, Stephanie K.",707-3379 Amet St.,Thurso,NY,26437,(232) 847-6438,2020-06-09,2020-06-21,36093,diabetes,44,no answer,male
400529,"Nelson, Nayda K.",Ap #637-8234 Dictum St.,Orosei,NY,83011,(756) 394-6609,2020-06-11,2020-06-22,36029,obesity,27,middle eastern,female
400528,"Gonzales, Tanek F.",970-6900 Vitae Street,Algarrobo,NY,68745,(599) 719-8100,2020-06-11,2020-06-15,36045,obesity,4,caucasian,male
400527,"Howard, Tatyana V.",6574 Fames Road,Halifax,NY,67261,(337) 419-6256,2020-06-11,2020-06-25,36095,obesity,79,asian/southeast asian,male
400526,"Tyler, Elijah U.",Ap #456-1075 Quisque St.,Passau,NY,30994,(665) 216-4250,2020-06-06,2020-06-20,36043,diabetes,54,caucasian,male
400525,"Morgan, Cheryl P.","6277 Nec, Avenue",Dalbeattie,NY,10571,(699) 764-7294,2020-06-14,2020-06-24,36121,NULL,41,american indian/alaskan,female
400524,"Wells, Lenore L.","P.O. Box 525, 6781 Lorem Road",Hindeloopen,NY,68604,(615) 840-1842,2020-06-13,2020-06-20,36015,asthma,41,no answer,female
400523,"Leach, Mohammad D.","P.O. Box 449, 9083 Tincidunt St.",Zhukovka,NY,30436,(172) 243-5627,2020-06-10,2020-06-18,36013,asthma,38,middle eastern,male
400522,"Cameron, Alan P.","P.O. Box 642, 9715 A, Av.",Cambridge,NY,25446,(797) 677-1733,2020-06-01,2020-06-23,36087,NULL,5,caucasian,male
400521,"Bradley, Vivian E.",366-8351 Vitae Street,Sart-Dames-Avelines,NY,65626,(655) 997-1704,2020-06-10,2020-06-25,36103,diabetes,39,caucasian,female
400520,"Bolton, Madeson J.","P.O. Box 565, 5695 Nunc Avenue",Sergiyev Posad,NY,58251,(827) 507-5442,2020-06-10,2020-06-25,36059,alcoholism,19,asian/southeast asian,male
400519,"Mcneil, Fredericka A.",Ap #232-7398 Imperdiet St.,Padang Panjang,NY,17069,(406) 998-1069,2020-06-10,2020-06-25,36029,heart disease,89,caucasian,female
400518,"Bush, Hayden S.","P.O. Box 713, 5012 Cursus Road",Ocaña,NY,87924,(697) 579-2466,2020-06-02,2020-06-25,36011,obesity,22,african american/black,male
400517,"Moran, Peter Q.","P.O. Box 598, 5147 Nunc Street",Bedollo,NY,46094,(489) 227-9740,2020-06-08,2020-06-30,36121,asthma,62,caucasian,male
400516,"Jacobs, Daquan E.",2676 Facilisis Road,Olinda,NY,55672,(195) 402-0777,2020-06-13,2020-06-15,36085,alcoholism,64,multiracial/other,male
400515,"Russell, Malik U.","3932 Quis, Ave",Opprebais,NY,21119,(188) 823-8675,2020-06-09,2020-06-28,36111,obesity,80,african american/black,female
400514,"Sharpe, Cadman S.",6361 Turpis. St.,Feldkirch,NY,12359,(290) 599-4530,2020-06-10,2020-06-17,36075,obesity,59,asian/southeast asian,female
400513,"Nichols, Shad K.",904-4078 Quis St.,Vliermaalroot,NY,27270,(104) 802-2195,2020-06-12,2020-06-29,36119,heart disease,87,hispanic/latinx,female
400512,"Ortiz, Madeson S.","P.O. Box 378, 9531 Et Street",Tavigny,NY,23264,(802) 239-4755,2020-06-09,2020-06-18,36043,obesity,51,caucasian,female
400511,"Nolan, Neil O.","P.O. Box 849, 1899 Tristique Ave",Gboko,NY,97177,(199) 720-2033,2020-06-08,2020-06-27,36043,travel,76,african american/black,male
400510,"Alvarado, Xandra Y.",913 Sit Rd.,Pittsburgh,NY,63027,(578) 465-9212,2020-06-10,2020-06-25,36119,NULL,24,multiracial/other,female
400509,"Gordon, Orla H.",Ap #165-8503 Ultrices Ave,Montecarotto,NY,40897,(473) 389-8775,2020-06-01,2020-06-20,36101,NULL,70,caucasian,other
400508,"Moon, Jackson O.",Ap #718-3109 Nisi St.,Sant'Angelo Limosano,NY,13136,(773) 515-1433,2020-06-11,2020-06-15,36107,diabetes,59,african american/black,male
400507,"White, Theodore N.",225-3427 Neque Ave,Calder,NY,73737,(239) 415-6664,2020-06-11,2020-06-23,36009,NULL,64,american indian/alaskan,female
400506,"Pruitt, Nathaniel C.","722-4660 Nec, Ave",Florianópolis,NY,49115,(208) 729-7489,2020-06-03,2020-06-25,36123,NULL,59,african american/black,male
400505,"King, Lareina V.",Ap #250-4198 Adipiscing. Road,Kilwinning,NY,16155,(840) 193-1294,2020-06-11,2020-06-21,36087,travel,12,african american/black,female
400504,"Mccormick, Piper V.","P.O. Box 875, 2351 In Rd.",Pallavaram,NY,90904,(368) 275-3829,2020-06-09,2020-06-17,36081,NULL,9,caucasian,male
400503,"Fitzpatrick, Serena Z.","Ap #694-4418 Erat, Ave",Edinburgh,NY,37410,(770) 369-5324,2020-06-02,2020-06-20,36091,NULL,80,middle eastern,female
400502,"Sims, Cain M.",Ap #914-2824 Ultrices. Ave,Balashikha,NY,76839,(876) 744-3737,2020-06-07,2020-06-30,36025,NULL,60,asian/southeast asian,male
400501,"Stephenson, Wilma R.",Ap #605-595 Hendrerit Road,Lauterach,NY,55216,(520) 799-2008,2020-06-12,2020-06-29,36095,NULL,3,caucasian,male
400500,"Trevino, Hector R.",620-1015 Risus. St.,Troon,NY,86978,(960) 351-0268,2020-06-04,2020-06-29,36065,travel,52,american indian/alaskan,female
400099,"Hicks, Quamar H.",Ap #283-6381 Sociosqu Avenue,Ghizer,CT,44534,(406) 705-4224,2020-06-13,2020-06-21,9003,NULL,71,african american/black,female
400098,"Nguyen, Aubrey R.",1634 Integer St.,Serang,CT,65445,(724) 117-1233,2020-06-08,2020-06-30,9001,obesity,8,caucasian,male
400097,"Blackburn, Quinn B.",8227 Est St.,Tampa,CT,39785,(990) 724-1572,2020-06-10,2020-06-28,9001,NULL,88,multiracial/other,male
400096,"Kane, Colette O.",998-6581 Nulla. Ave,Yeongju,CT,35148,(669) 178-6774,2020-06-14,2020-06-19,9015,asthma,39,caucasian,male
400095,"Meyers, Lydia C.","P.O. Box 735, 3079 Mauris, Road",San José,CT,88927,(593) 929-3605,2020-06-07,2020-06-30,9011,travel,51,american indian/alaskan,female
400094,"Heath, Karleigh I.",723-4983 Ipsum. St.,Wood Buffalo,CT,46646,(259) 704-3066,2020-06-05,2020-06-23,9001,NULL,4,american indian/alaskan,male
400093,"Maddox, Linus W.",Ap #393-4254 Vulputate Ave,Muzaffargarh,CT,36125,(958) 599-4884,2020-06-11,2020-06-20,9003,NULL,47,african american/black,male
400092,"Sanders, Graiden Z.",5901 Amet Av.,Arkhangelsk,CT,13324,(315) 917-6519,2020-06-13,2020-06-29,9011,obesity,79,asian/southeast asian,male
400091,"Clayton, Isabelle H.",8083 Accumsan Ave,Goslar,CT,90384,(699) 797-8871,2020-06-06,2020-06-21,9007,NULL,72,no answer,female
400090,"Odonnell, Jermaine I.",433-9236 Sed Rd.,Heikruis,CT,69268,(485) 927-1776,2020-06-14,2020-06-25,9009,NULL,43,african american/black,male
400089,"Stokes, Karyn H.",Ap #738-1686 Mauris St.,Niel-bij-As,CT,63079,(990) 900-3324,2020-06-12,2020-06-27,9013,NULL,83,no answer,male
400088,"Fry, Katelyn L.",926-3140 Phasellus Avenue,Bafra,CT,72732,(754) 540-9500,2020-06-11,2020-06-18,9007,NULL,80,african american/black,female
400087,"Fleming, Chiquita L.","P.O. Box 751, 3525 Primis Rd.",Bomal,CT,91149,(154) 626-9190,2020-06-10,2020-06-28,9015,NULL,90,middle eastern,male
400086,"Horton, Barclay F.",Ap #581-588 Dignissim Road,Virelles,CT,41750,(744) 230-3843,2020-06-03,2020-06-27,9001,NULL,74,american indian/alaskan,female
400085,"Wallace, Vanna Q.",Ap #526-7292 Justo St.,Glabais,CT,54548,(451) 502-9040,2020-06-01,2020-06-25,9003,NULL,55,caucasian,other
400084,"Moody, Myra Y.",637-6082 A Street,Chilliwack,CT,34927,(405) 548-8172,2020-06-05,2020-06-21,9013,diabetes,39,caucasian,male
400083,"Phelps, Judith L.","P.O. Box 692, 8184 Aliquam Street",Aliano,CT,25311,(786) 658-6816,2020-06-06,2020-06-24,9005,NULL,88,multiracial/other,male
400082,"Booker, Abel A.","9005 Vel, Av.",Rouen,CT,25655,(150) 354-9775,2020-06-07,2020-06-29,9015,NULL,90,hispanic/latinx,male
400081,"Hewitt, Avye S.",5647 Vehicula Av.,Colonnella,CT,75580,(393) 980-5252,2020-06-08,2020-06-24,9015,travel,49,african american/black,female
400080,"Bishop, Liberty U.",447-4023 Auctor Road,Heikruis,CT,10859,(672) 364-3558,2020-06-04,2020-06-29,9011,obesity,10,hispanic/latinx,male
400079,"Armstrong, Jordan L.",Ap #230-7010 Suspendisse Road,Tranås,CT,74856,(570) 189-2118,2020-06-01,2020-06-24,9009,obesity,66,hispanic/latinx,male
400078,"Cook, Aileen J.",Ap #698-4445 Commodo Avenue,Ham-sur-Heure,CT,87066,(555) 720-1665,2020-06-05,2020-06-15,9001,NULL,63,caucasian,female
400077,"Cotton, Lucy S.",6184 Nec St.,Tregaron,CT,43160,(976) 381-1197,2020-06-02,2020-06-16,9015,travel,55,caucasian,male
400076,"Love, Hamilton V.",2449 Lectus St.,Oromocto,CT,63921,(935) 694-3821,2020-06-10,2020-06-30,9015,NULL,50,caucasian,female
400075,"Santana, Frances O.","P.O. Box 339, 9084 Hendrerit. St.",Orizaba,CT,24086,(105) 414-4894,2020-06-12,2020-06-24,9007,NULL,85,african american/black,male
400074,"Olson, Keith V.","P.O. Box 989, 3141 Ultricies St.",Wichita,CT,73056,(432) 711-8131,2020-06-09,2020-06-15,9005,diabetes,8,caucasian,female
400073,"Contreras, Hayes D.","P.O. Box 450, 1710 Donec Avenue",Branchon,CT,54700,(888) 824-5946,2020-06-07,2020-06-26,9013,NULL,13,african american/black,female
400072,"Stephens, Zorita G.","P.O. Box 977, 2099 Enim. Road",Villa Faraldi,CT,43849,(688) 768-3796,2020-06-14,2020-06-29,9011,diabetes,15,no answer,male
400071,"Golden, Moses F.",1247 Odio Road,Scunthorpe,CT,94588,(227) 494-8968,2020-06-01,2020-06-26,9003,diabetes,49,no answer,female
400070,"Schmidt, Rae U.",646-6854 Aliquet Ave,Gressan,CT,13383,(513) 398-3328,2020-06-01,2020-06-29,9007,NULL,78,caucasian,female
400069,"Clarke, Vivian J.",Ap #441-459 Cursus Avenue,Khushab,CT,21325,(543) 359-2950,2020-06-05,2020-06-29,9011,NULL,63,asian/southeast asian,female
400068,"Gay, Yuri F.",Ap #566-9722 Ipsum Avenue,Illkirch-Graffenstaden,CT,53795,(346) 452-3263,2020-06-01,2020-06-17,9003,travel,27,asian/southeast asian,male
400067,"Peterson, Rina B.",488-6095 Integer Rd.,Watson Lake,CT,93821,(945) 629-3416,2020-06-02,2020-06-16,9007,NULL,71,caucasian,female
400066,"Watkins, Lesley M.",Ap #646-2644 Magna. Rd.,Midlands,CT,14709,(846) 278-8328,2020-06-09,2020-06-24,9011,NULL,10,hispanic/latinx,male
400065,"Grimes, Curran F.","P.O. Box 476, 9680 Rhoncus. St.",Surat,CT,86381,(714) 903-4986,2020-06-13,2020-06-15,9015,diabetes,60,caucasian,other
400064,"Barrera, Maggy S.","834-4449 Lorem, St.",Evansville,CT,73083,(728) 598-2664,2020-06-04,2020-06-24,9011,diabetes,47,african american/black,male
400063,"Clayton, Montana N.","P.O. Box 706, 1499 Turpis. Avenue",Salem,CT,32838,(176) 429-8244,2020-06-09,2020-06-22,9009,obesity,22,no answer,male
400062,"Moran, Ila R.",1380 Ornare Rd.,Rinconada,CT,19009,(978) 509-9374,2020-06-14,2020-06-22,9007,asthma,13,no answer,male
400061,"Huffman, Cheyenne V.","P.O. Box 188, 1215 Dictum St.",Bekasi,CT,87429,(560) 996-7886,2020-06-03,2020-06-20,9005,heart disease,26,no answer,male
400060,"Zamora, Sigourney N.","P.O. Box 462, 3370 Ut Street",Sainte-Marie-Chevigny,CT,97241,(108) 430-7187,2020-06-01,2020-06-25,9015,smoking,43,african american/black,female
400059,"Gomez, Joan H.","P.O. Box 174, 5428 Donec Street",Recoleta,CT,82669,(609) 840-5448,2020-06-07,2020-06-19,9007,NULL,9,middle eastern,male
400058,"Moon, Nehru P.",769-3441 Posuere Av.,Matamoros,CT,12429,(228) 421-7906,2020-06-14,2020-06-27,9013,alcoholism,70,asian/southeast asian,female
400057,"Russell, Hayley B.","Ap #449-6112 Vitae, St.",Manchester,CT,59492,(379) 158-9867,2020-06-01,2020-06-27,9003,diabetes,6,asian/southeast asian,female
400056,"Gibson, Gray U.",Ap #286-2245 Aliquet Street,Quimper,CT,64882,(280) 604-1586,2020-06-13,2020-06-17,9011,asthma,86,african american/black,male
400055,"Gilbert, Kevyn X.",2395 Venenatis Road,Agra,CT,56281,(965) 985-1432,2020-06-14,2020-06-29,9003,NULL,55,american indian/alaskan,male
400054,"Lindsey, Elmo X.","P.O. Box 403, 3502 Nunc St.",Jabbeke,CT,19242,(826) 774-3078,2020-06-13,2020-06-28,9009,asthma,60,caucasian,female
400053,"Fitzgerald, Damian H.",689-2348 Metus Ave,San Antonio,CT,53224,(125) 670-9602,2020-06-14,2020-06-20,9009,NULL,64,asian/southeast asian,male
400052,"Poole, Yoshio F.",2503 Gravida St.,Worcester,CT,83670,(733) 514-6847,2020-06-08,2020-06-22,9007,smoking,32,caucasian,male
400051,"Flynn, Alfonso C.",Ap #469-9136 Eu Av.,Monguelfo-Tesido/Welsberg-Taisten,CT,87455,(325) 630-6353,2020-06-02,2020-06-23,9013,smoking,62,hispanic/latinx,male
400050,"Stanton, Tashya Q.",7724 Faucibus Rd.,Bottidda,CT,48067,(715) 133-1960,2020-06-01,2020-06-17,9011,diabetes,76,hispanic/latinx,male
400049,"Mcdowell, Blaze L.","P.O. Box 291, 7557 Morbi Avenue",McCallum,CT,48046,(233) 191-3734,2020-06-06,2020-06-21,9003,diabetes,73,hispanic/latinx,female
400048,"Baird, Ivana J.","783-9800 Nec, Avenue",Kapuskasing,CT,50290,(927) 298-7442,2020-06-11,2020-06-29,9007,alcoholism,61,asian/southeast asian,male
400047,"Pennington, Anthony F.",Ap #101-2953 Nonummy Avenue,Püttlingen,CT,44155,(888) 872-7748,2020-06-03,2020-06-17,9011,NULL,4,hispanic/latinx,male
400046,"Washington, Hyatt F.",1952 Integer St.,Wijnegem,CT,93240,(575) 185-6071,2020-06-03,2020-06-27,9009,NULL,89,american indian/alaskan,male
400045,"Ashley, Erasmus C.","P.O. Box 874, 5692 Quis Avenue",Herne,CT,77799,(200) 333-4239,2020-06-11,2020-06-19,9003,heart disease,22,african american/black,male
400044,"Gonzalez, Brennan R.",Ap #787-9967 Lacus. Av.,Lasne,CT,75063,(517) 251-0403,2020-06-07,2020-06-21,9015,smoking,83,no answer,male
400043,"Cabrera, Lacy Q.",Ap #385-9456 Rutrum Street,West Jordan,CT,56810,(941) 940-4047,2020-06-03,2020-06-22,9013,NULL,38,asian/southeast asian,female
400042,"Washington, Halee W.","893-7447 Id, Avenue",Torreón,CT,45344,(487) 417-4198,2020-06-04,2020-06-17,9013,NULL,80,caucasian,male
400041,"Carrillo, Ciara I.",3239 Nulla. Ave,Cisano sul Neva,CT,45247,(947) 312-3590,2020-06-08,2020-06-25,9015,asthma,5,african american/black,male
400040,"Nunez, Jameson Z.",522-342 Mollis. Rd.,Kapolei,CT,25784,(293) 507-6011,2020-06-14,2020-06-15,9007,NULL,63,caucasian,female
400039,"Foley, Castor Y.",5050 Quisque Ave,Cajamarca,CT,58445,(701) 303-7592,2020-06-05,2020-06-19,9013,NULL,35,hispanic/latinx,female
400038,"Long, Chase S.",108-2646 Nunc. St.,Kyshtym,CT,30282,(805) 498-0423,2020-06-14,2020-06-18,9009,alcoholism,83,caucasian,female
400037,"Oconnor, Andrew H.","P.O. Box 467, 5481 Metus. St.",Mezen,CT,51600,(685) 640-5541,2020-06-03,2020-06-25,9011,NULL,61,hispanic/latinx,male
400036,"Rhodes, Quamar V.","P.O. Box 403, 1146 Cursus Rd.",Champorcher,CT,97827,(246) 187-1773,2020-06-03,2020-06-15,9005,heart disease,99,hispanic/latinx,male
400035,"Estes, Rhonda F.",938 Arcu. St.,San Rafael,CT,66647,(243) 110-1459,2020-06-14,2020-06-22,9011,alcoholism,29,no answer,female
400034,"Pena, Briar Z.","450 Est, Ave",Amsterdam,CT,63123,(540) 689-5029,2020-06-09,2020-06-18,9013,diabetes,12,caucasian,male
400033,"Hernandez, Urielle H.","P.O. Box 591, 9978 Amet, St.",Galzignano Terme,CT,41789,(716) 305-3611,2020-06-13,2020-06-19,9011,asthma,90,caucasian,female
400032,"Atkinson, Reece E.",Ap #638-1349 Odio Road,Casperia,CT,41500,(435) 471-4540,2020-06-09,2020-06-17,9015,heart disease,19,no answer,female
400031,"Evans, Cameron J.",Ap #713-599 Eleifend St.,Kapelle-op-den-Bos,CT,73599,(150) 893-8911,2020-06-09,2020-06-15,9011,diabetes,68,caucasian,female
400030,"Lane, Amanda P.",451-2048 Mauris Street,Rödermark,CT,18514,(466) 857-6492,2020-06-02,2020-06-26,9007,diabetes,30,multiracial/other,male
400029,"Livingston, Thaddeus Y.",369-2543 Dignissim St.,Cinisi,CT,51619,(336) 954-5463,2020-06-11,2020-06-25,9007,obesity,38,caucasian,female
400028,"Dean, Yoko J.",Ap #214-3242 Nunc Street,Zandvoorde,CT,94375,(737) 160-6893,2020-06-02,2020-06-26,9011,asthma,26,no answer,female
400027,"Lowe, Aimee D.",569-1092 A Rd.,Camerino,CT,96460,(291) 494-7078,2020-06-05,2020-06-15,9009,alcoholism,64,multiracial/other,male
400026,"Harrell, Dean E.",3533 Donec Av.,Piovene Rocchette,CT,78625,(680) 496-2463,2020-06-06,2020-06-18,9015,alcoholism,96,multiracial/other,male
400025,"Bird, Teagan Z.",536 Euismod Rd.,Chandler,CT,99851,(283) 726-8944,2020-06-14,2020-06-17,9005,asthma,58,hispanic/latinx,female
400024,"Dominguez, Stewart Z.",6008 Consequat St.,Bussolengo,CT,56049,(189) 528-4858,2020-06-13,2020-06-28,9015,NULL,77,hispanic/latinx,female
400023,"Buck, Declan M.","4585 Felis, Avenue",Ulsan,CT,12001,(144) 392-7952,2020-06-05,2020-06-16,9013,alcoholism,50,no answer,male
400022,"Fisher, Rashad D.",250-1232 Neque. Av.,Nederhasselt,CT,26325,(504) 169-1211,2020-06-06,2020-06-26,9013,asthma,44,no answer,female
400021,"Beach, Walker S.",327-5353 Eleifend St.,Roksem,CT,55251,(431) 340-6582,2020-06-06,2020-06-30,9005,alcoholism,52,american indian/alaskan,female
400020,"Fernandez, May L.",Ap #568-3333 Nam Rd.,Khammam,CT,19343,(944) 417-1085,2020-06-09,2020-06-24,9001,heart disease,57,caucasian,male
400019,"Wooten, Patrick M.",Ap #529-4811 Feugiat. Av.,Valbrevenna,CT,70035,(376) 471-4611,2020-06-07,2020-06-16,9001,NULL,77,asian/southeast asian,female
400018,"Gallagher, Harriet A.",Ap #395-4108 Nulla Rd.,Tierra Amarilla,CT,76957,(215) 266-9109,2020-06-13,2020-06-19,9013,smoking,24,middle eastern,female
400017,"Mays, Rose G.",674-430 In Road,Imperatriz,CT,63456,(821) 260-5228,2020-06-12,2020-06-25,9015,NULL,57,middle eastern,female
400016,"Small, Victor J.",Ap #211-3537 Quis Ave,Halifax,CT,80052,(962) 203-0842,2020-06-03,2020-06-17,9001,NULL,12,middle eastern,other
400015,"Martin, Uriah F.","Ap #509-6256 Purus, Ave",Strona,CT,48504,(297) 921-1638,2020-06-09,2020-06-29,9007,NULL,54,multiracial/other,other
400014,"Mcleod, Bryar K.",Ap #282-969 Sociis Av.,Hualqui,CT,65006,(361) 874-5005,2020-06-08,2020-06-17,9007,heart disease,26,hispanic/latinx,female
400013,"Noble, Audrey P.","P.O. Box 615, 6880 Ornare, Ave",Fontanellato,CT,31838,(138) 854-9574,2020-06-05,2020-06-29,9011,heart disease,52,african american/black,male
400012,"Battle, Idola I.","P.O. Box 118, 8616 Commodo Rd.",Sarre,CT,58657,(816) 531-3968,2020-06-01,2020-06-18,9015,diabetes,101,hispanic/latinx,female
400011,"Beard, Ashton G.",Ap #383-8492 Vitae St.,Stratford,CT,54937,(747) 807-8561,2020-06-03,2020-06-15,9003,diabetes,15,caucasian,female
400010,"Miles, Lee A.","Ap #871-3958 Purus, Ave",Izmir,CT,10044,(967) 746-6332,2020-06-11,2020-06-29,9011,heart disease,40,hispanic/latinx,female
400009,"Mcdowell, Isabella I.",4675 Nunc. St.,Moncrivello,CT,58967,(568) 583-4049,2020-06-06,2020-06-29,9007,heart disease,63,african american/black,female
400008,"Madden, Gary I.",Ap #389-7178 Dictum Street,Kelowna,CT,72284,(316) 873-0882,2020-06-02,2020-06-24,9009,asthma,13,african american/black,female
400007,"Reid, Chandler I.",3000 Et Av.,Anklam,CT,51721,(288) 343-6903,2020-06-08,2020-06-24,9013,NULL,102,caucasian,male
400006,"Dale, Amena R.",454-4321 Metus. St.,San Antonio,CT,40476,(656) 221-7693,2020-06-10,2020-06-25,9013,smoking,75,hispanic/latinx,male
400005,"Nicholson, Miriam S.",531 Mauris Ave,Oostkerke,CT,99029,(824) 153-3901,2020-06-11,2020-06-16,9011,diabetes,84,multiracial/other,other
400004,"Lowery, Stella P.",210-1870 Id St.,Monte Patria,CT,97563,(287) 908-3674,2020-06-06,2020-06-30,9011,obesity,54,caucasian,male
400003,"Serrano, Channing X.",149-6050 Tellus. St.,Sennariolo,CT,66839,(780) 694-4652,2020-06-14,2020-06-28,9015,smoking,55,no answer,male
400002,"Thornton, Elmo V.",Ap #582-6499 Dictum Ave,Pınarbaşı,CT,16996,(513) 924-9772,2020-06-10,2020-06-30,9015,NULL,28,caucasian,male
400001,"Olsen, Colton Q.","P.O. Box 230, 4206 Ipsum. Rd.",Anchorage,CT,73982,(555) 779-2614,2020-06-10,2020-06-18,9013,alcoholism,86,asian/southeast asian,male
400000,"Townsend, Carter V.",245-7457 Quam Street,Dindigul,CT,49254,(681) 812-4703,2020-06-07,2020-06-21,9005,heart disease,56,middle eastern,male